radni-dan,kalendarski-dan,jedinica,kurs
01.09.2017.,01.09.2017.,1,80.3020
01.09.2017.,02.09.2017.,1,80.3020
01.09.2017.,03.09.2017.,1,80.3020
04.09.2017.,04.09.2017.,1,80.9665
05.09.2017.,05.09.2017.,1,80.9905
06.09.2017.,06.09.2017.,1,80.9711
07.09.2017.,07.09.2017.,1,81.9849
08.09.2017.,08.09.2017.,1,82.0219
08.09.2017.,09.09.2017.,1,82.0219
08.09.2017.,10.09.2017.,1,82.0219
11.09.2017.,11.09.2017.,1,81.8884
12.09.2017.,12.09.2017.,1,82.4846
13.09.2017.,13.09.2017.,1,81.8377
14.09.2017.,14.09.2017.,1,82.3650
15.09.2017.,15.09.2017.,1,82.0518
15.09.2017.,16.09.2017.,1,82.0518
15.09.2017.,17.09.2017.,1,82.0518
18.09.2017.,18.09.2017.,1,81.8497
19.09.2017.,19.09.2017.,1,80.7677
20.09.2017.,20.09.2017.,1,80.6175
21.09.2017.,21.09.2017.,1,81.0996
22.09.2017.,22.09.2017.,1,80.8905
22.09.2017.,23.09.2017.,1,80.8905
22.09.2017.,24.09.2017.,1,80.8905
25.09.2017.,25.09.2017.,1,81.0065
26.09.2017.,26.09.2017.,1,81.4220
27.09.2017.,27.09.2017.,1,82.0108
28.09.2017.,28.09.2017.,1,81.3519
29.09.2017.,29.09.2017.,1,81.4951
29.09.2017.,30.09.2017.,1,81.4951
29.09.2017.,01.10.2017.,1,81.4951
02.10.2017.,02.10.2017.,1,81.0170
03.10.2017.,03.10.2017.,1,81.2220
04.10.2017.,04.10.2017.,1,81.2347
05.10.2017.,05.10.2017.,1,81.1989
06.10.2017.,06.10.2017.,1,80.9216
06.10.2017.,07.10.2017.,1,80.9216
06.10.2017.,08.10.2017.,1,80.9216
09.10.2017.,09.10.2017.,1,80.9797
10.10.2017.,10.10.2017.,1,80.9689
11.10.2017.,11.10.2017.,1,80.7805
12.10.2017.,12.10.2017.,1,80.8530
13.10.2017.,13.10.2017.,1,80.8289
13.10.2017.,14.10.2017.,1,80.8289
13.10.2017.,15.10.2017.,1,80.8289
16.10.2017.,16.10.2017.,1,80.9251
17.10.2017.,17.10.2017.,1,80.7411
18.10.2017.,18.10.2017.,1,80.9969
19.10.2017.,19.10.2017.,1,80.9215
20.10.2017.,20.10.2017.,1,80.5929
20.10.2017.,21.10.2017.,1,80.5929
20.10.2017.,22.10.2017.,1,80.5929
23.10.2017.,23.10.2017.,1,80.2217
24.10.2017.,24.10.2017.,1,80.2817
25.10.2017.,25.10.2017.,1,80.0343
26.10.2017.,26.10.2017.,1,79.0017
27.10.2017.,27.10.2017.,1,79.7178
27.10.2017.,28.10.2017.,1,79.7178
27.10.2017.,29.10.2017.,1,79.7178
30.10.2017.,30.10.2017.,1,80.0841
31.10.2017.,31.10.2017.,1,79.8726
01.11.2017.,01.11.2017.,1,79.4297
02.11.2017.,02.11.2017.,1,79.5516
03.11.2017.,03.11.2017.,1,79.5457
03.11.2017.,04.11.2017.,1,79.5457
03.11.2017.,05.11.2017.,1,79.5457
06.11.2017.,06.11.2017.,1,80.0255
07.11.2017.,07.11.2017.,1,80.3376
08.11.2017.,08.11.2017.,1,80.1161
09.11.2017.,09.11.2017.,1,80.4820
10.11.2017.,10.11.2017.,1,80.4822
10.11.2017.,11.11.2017.,1,80.4822
10.11.2017.,12.11.2017.,1,80.4822
13.11.2017.,13.11.2017.,1,80.2234
14.11.2017.,14.11.2017.,1,79.7374
15.11.2017.,15.11.2017.,1,78.9367
16.11.2017.,16.11.2017.,1,78.7673
17.11.2017.,17.11.2017.,1,78.7804
17.11.2017.,18.11.2017.,1,78.7804
17.11.2017.,19.11.2017.,1,78.7804
20.11.2017.,20.11.2017.,1,78.9935
21.11.2017.,21.11.2017.,1,78.8234
22.11.2017.,22.11.2017.,1,79.1908
23.11.2017.,23.11.2017.,1,79.1723
24.11.2017.,24.11.2017.,1,79.1676
24.11.2017.,25.11.2017.,1,79.1676
24.11.2017.,26.11.2017.,1,79.1676
27.11.2017.,27.11.2017.,1,78.7345
28.11.2017.,28.11.2017.,1,78.7486
29.11.2017.,29.11.2017.,1,78.7852
30.11.2017.,30.11.2017.,1,78.2177
01.12.2017.,01.12.2017.,1,77.6681
01.12.2017.,02.12.2017.,1,77.6681
01.12.2017.,03.12.2017.,1,77.6681
04.12.2017.,04.12.2017.,1,78.9667
05.12.2017.,05.12.2017.,1,79.4447
06.12.2017.,06.12.2017.,1,79.5058
07.12.2017.,07.12.2017.,1,79.1315
08.12.2017.,08.12.2017.,1,79.0816
08.12.2017.,09.12.2017.,1,79.0816
08.12.2017.,10.12.2017.,1,79.0816
11.12.2017.,11.12.2017.,1,79.0482
12.12.2017.,12.12.2017.,1,79.0918
13.12.2017.,13.12.2017.,1,79.0816
14.12.2017.,14.12.2017.,1,78.8282
15.12.2017.,15.12.2017.,1,79.2209
15.12.2017.,16.12.2017.,1,79.2209
15.12.2017.,17.12.2017.,1,79.2209
18.12.2017.,18.12.2017.,1,78.7156
19.12.2017.,19.12.2017.,1,78.3583
20.12.2017.,20.12.2017.,1,78.1847
21.12.2017.,21.12.2017.,1,78.3602
22.12.2017.,22.12.2017.,1,78.8384
22.12.2017.,23.12.2017.,1,78.8384
22.12.2017.,24.12.2017.,1,78.8384
25.12.2017.,25.12.2017.,1,78.7283
26.12.2017.,26.12.2017.,1,78.4948
27.12.2017.,27.12.2017.,1,78.5220
28.12.2017.,28.12.2017.,1,78.7052
29.12.2017.,29.12.2017.,1,78.9397
29.12.2017.,30.12.2017.,1,78.9397
29.12.2017.,31.12.2017.,1,78.9397
29.12.2017.,01.01.2018.,1,78.9397
29.12.2017.,02.01.2018.,1,78.9397
03.01.2018.,03.01.2018.,1,78.4612
04.01.2018.,04.01.2018.,1,78.7811
05.01.2018.,05.01.2018.,1,78.9038
05.01.2018.,06.01.2018.,1,78.9038
05.01.2018.,07.01.2018.,1,78.9038
08.01.2018.,08.01.2018.,1,79.6485
09.01.2018.,09.01.2018.,1,79.8528
10.01.2018.,10.01.2018.,1,79.7115
11.01.2018.,11.01.2018.,1,79.1881
12.01.2018.,12.01.2018.,1,78.6514
12.01.2018.,13.01.2018.,1,78.6514
12.01.2018.,14.01.2018.,1,78.6514
15.01.2018.,15.01.2018.,1,77.9091
16.01.2018.,16.01.2018.,1,77.6090
17.01.2018.,17.01.2018.,1,77.5970
18.01.2018.,18.01.2018.,1,77.9695
19.01.2018.,19.01.2018.,1,77.8166
19.01.2018.,20.01.2018.,1,77.8166
19.01.2018.,21.01.2018.,1,77.8166
22.01.2018.,22.01.2018.,1,77.6543
23.01.2018.,23.01.2018.,1,77.6889
24.01.2018.,24.01.2018.,1,77.6079
25.01.2018.,25.01.2018.,1,77.4956
26.01.2018.,26.01.2018.,1,77.2956
26.01.2018.,27.01.2018.,1,77.2956
26.01.2018.,28.01.2018.,1,77.2956
29.01.2018.,29.01.2018.,1,77.4260
30.01.2018.,30.01.2018.,1,77.6827
31.01.2018.,31.01.2018.,1,77.5742
01.02.2018.,01.02.2018.,1,77.7093
02.02.2018.,02.02.2018.,1,77.2994
02.02.2018.,03.02.2018.,1,77.2994
02.02.2018.,04.02.2018.,1,77.2994
05.02.2018.,05.02.2018.,1,76.6547
06.02.2018.,06.02.2018.,1,76.3703
07.02.2018.,07.02.2018.,1,76.5933
08.02.2018.,08.02.2018.,1,76.9959
09.02.2018.,09.02.2018.,1,76.8571
09.02.2018.,10.02.2018.,1,76.8571
09.02.2018.,11.02.2018.,1,76.8571
12.02.2018.,12.02.2018.,1,76.8547
13.02.2018.,13.02.2018.,1,76.4532
14.02.2018.,14.02.2018.,1,75.9960
14.02.2018.,15.02.2018.,1,75.9960
14.02.2018.,16.02.2018.,1,75.9960
14.02.2018.,17.02.2018.,1,75.9960
14.02.2018.,18.02.2018.,1,75.9960
19.02.2018.,19.02.2018.,1,75.9513
20.02.2018.,20.02.2018.,1,75.9141
21.02.2018.,21.02.2018.,1,75.7247
22.02.2018.,22.02.2018.,1,75.7695
23.02.2018.,23.02.2018.,1,75.4172
23.02.2018.,24.02.2018.,1,75.4172
23.02.2018.,25.02.2018.,1,75.4172
26.02.2018.,26.02.2018.,1,75.8500
27.02.2018.,27.02.2018.,1,75.5067
28.02.2018.,28.02.2018.,1,75.6006
01.03.2018.,01.03.2018.,1,75.3760
02.03.2018.,02.03.2018.,1,74.9069
02.03.2018.,03.03.2018.,1,74.9069
02.03.2018.,04.03.2018.,1,74.9069
05.03.2018.,05.03.2018.,1,74.2946
06.03.2018.,06.03.2018.,1,73.6416
07.03.2018.,07.03.2018.,1,73.4762
08.03.2018.,08.03.2018.,1,73.8009
09.03.2018.,09.03.2018.,1,74.3436
09.03.2018.,10.03.2018.,1,74.3436
09.03.2018.,11.03.2018.,1,74.3436
12.03.2018.,12.03.2018.,1,74.7974
13.03.2018.,13.03.2018.,1,74.4918
14.03.2018.,14.03.2018.,1,73.6174
15.03.2018.,15.03.2018.,1,73.8612
16.03.2018.,16.03.2018.,1,73.6010
16.03.2018.,17.03.2018.,1,73.6010
16.03.2018.,18.03.2018.,1,73.6010
19.03.2018.,19.03.2018.,1,73.4853
20.03.2018.,20.03.2018.,1,73.2832
21.03.2018.,21.03.2018.,1,74.1564
22.03.2018.,22.03.2018.,1,74.4722
23.03.2018.,23.03.2018.,1,74.3088
23.03.2018.,24.03.2018.,1,74.3088
23.03.2018.,25.03.2018.,1,74.3088
26.03.2018.,26.03.2018.,1,74.4091
27.03.2018.,27.03.2018.,1,74.2329
28.03.2018.,28.03.2018.,1,74.2059
29.03.2018.,29.03.2018.,1,74.4098
30.03.2018.,30.03.2018.,1,74.5734
30.03.2018.,31.03.2018.,1,74.5734
30.03.2018.,01.04.2018.,1,74.5734
02.04.2018.,02.04.2018.,1,74.4555
03.04.2018.,03.04.2018.,1,74.5126
04.04.2018.,04.04.2018.,1,75.2314
05.04.2018.,05.04.2018.,1,75.3550
05.04.2018.,06.04.2018.,1,75.3550
05.04.2018.,07.04.2018.,1,75.3550
05.04.2018.,08.04.2018.,1,75.3550
05.04.2018.,09.04.2018.,1,75.3550
10.04.2018.,10.04.2018.,1,75.5873
11.04.2018.,11.04.2018.,1,75.8552
12.04.2018.,12.04.2018.,1,75.9508
13.04.2018.,13.04.2018.,1,76.1957
13.04.2018.,14.04.2018.,1,76.1957
13.04.2018.,15.04.2018.,1,76.1957
16.04.2018.,16.04.2018.,1,75.9645
17.04.2018.,17.04.2018.,1,75.8711
18.04.2018.,18.04.2018.,1,75.9434
19.04.2018.,19.04.2018.,1,75.6615
20.04.2018.,20.04.2018.,1,75.5775
20.04.2018.,21.04.2018.,1,75.5775
20.04.2018.,22.04.2018.,1,75.5775
23.04.2018.,23.04.2018.,1,75.4488
24.04.2018.,24.04.2018.,1,75.3407
25.04.2018.,25.04.2018.,1,75.3259
26.04.2018.,26.04.2018.,1,75.6530
27.04.2018.,27.04.2018.,1,75.7976
27.04.2018.,28.04.2018.,1,75.7976
27.04.2018.,29.04.2018.,1,75.7976
30.04.2018.,30.04.2018.,1,75.8309
30.04.2018.,01.05.2018.,1,75.8309
30.04.2018.,02.05.2018.,1,75.8309
03.05.2018.,03.05.2018.,1,76.7369
04.05.2018.,04.05.2018.,1,76.7537
04.05.2018.,05.05.2018.,1,76.7537
04.05.2018.,06.05.2018.,1,76.7537
07.05.2018.,07.05.2018.,1,76.8697
08.05.2018.,08.05.2018.,1,76.8174
09.05.2018.,09.05.2018.,1,76.9986
10.05.2018.,10.05.2018.,1,77.6791
11.05.2018.,11.05.2018.,1,77.7595
11.05.2018.,12.05.2018.,1,77.7595
11.05.2018.,13.05.2018.,1,77.7595
14.05.2018.,14.05.2018.,1,77.2984
15.05.2018.,15.05.2018.,1,77.4034
16.05.2018.,16.05.2018.,1,77.6408
17.05.2018.,17.05.2018.,1,78.2919
18.05.2018.,18.05.2018.,1,78.0441
18.05.2018.,19.05.2018.,1,78.0441
18.05.2018.,20.05.2018.,1,78.0441
21.05.2018.,21.05.2018.,1,78.1031
22.05.2018.,22.05.2018.,1,78.4665
23.05.2018.,23.05.2018.,1,78.1489
24.05.2018.,24.05.2018.,1,78.5777
25.05.2018.,25.05.2018.,1,78.2583
25.05.2018.,26.05.2018.,1,78.2583
25.05.2018.,27.05.2018.,1,78.2583
28.05.2018.,28.05.2018.,1,77.6280
29.05.2018.,29.05.2018.,1,78.2477
30.05.2018.,30.05.2018.,1,78.5909
31.05.2018.,31.05.2018.,1,78.7268
01.06.2018.,01.06.2018.,1,78.0976
01.06.2018.,02.06.2018.,1,78.0976
01.06.2018.,03.06.2018.,1,78.0976
04.06.2018.,04.06.2018.,1,78.0667
05.06.2018.,05.06.2018.,1,78.1353
06.06.2018.,06.06.2018.,1,77.9118
07.06.2018.,07.06.2018.,1,77.3209
08.06.2018.,08.06.2018.,1,77.0416
08.06.2018.,09.06.2018.,1,77.0416
08.06.2018.,10.06.2018.,1,77.0416
11.06.2018.,11.06.2018.,1,77.2049
12.06.2018.,12.06.2018.,1,77.2629
13.06.2018.,13.06.2018.,1,77.3103
14.06.2018.,14.06.2018.,1,77.1374
15.06.2018.,15.06.2018.,1,77.7839
15.06.2018.,16.06.2018.,1,77.7839
15.06.2018.,17.06.2018.,1,77.7839
18.06.2018.,18.06.2018.,1,77.3295
19.06.2018.,19.06.2018.,1,76.8575
20.06.2018.,20.06.2018.,1,76.8547
21.06.2018.,21.06.2018.,1,76.7241
22.06.2018.,22.06.2018.,1,76.4272
22.06.2018.,23.06.2018.,1,76.4272
22.06.2018.,24.06.2018.,1,76.4272
25.06.2018.,25.06.2018.,1,76.2574
26.06.2018.,26.06.2018.,1,75.8432
27.06.2018.,27.06.2018.,1,76.0605
28.06.2018.,28.06.2018.,1,76.5666
29.06.2018.,29.06.2018.,1,76.6125
29.06.2018.,30.06.2018.,1,76.6125
29.06.2018.,01.07.2018.,1,76.6125
02.07.2018.,02.07.2018.,1,76.8922
03.07.2018.,03.07.2018.,1,76.8616
04.07.2018.,04.07.2018.,1,77.0076
05.07.2018.,05.07.2018.,1,76.9783
06.07.2018.,06.07.2018.,1,76.8179
06.07.2018.,07.07.2018.,1,76.8179
06.07.2018.,08.07.2018.,1,76.8179
09.07.2018.,09.07.2018.,1,76.7134
10.07.2018.,10.07.2018.,1,76.6079
11.07.2018.,11.07.2018.,1,76.5886
12.07.2018.,12.07.2018.,1,76.5588
13.07.2018.,13.07.2018.,1,76.8865
13.07.2018.,14.07.2018.,1,76.8865
13.07.2018.,15.07.2018.,1,76.8865
16.07.2018.,16.07.2018.,1,76.7864
17.07.2018.,17.07.2018.,1,76.7726
18.07.2018.,18.07.2018.,1,76.7370
19.07.2018.,19.07.2018.,1,76.9405
20.07.2018.,20.07.2018.,1,76.3440
20.07.2018.,21.07.2018.,1,76.3440
20.07.2018.,22.07.2018.,1,76.3440
23.07.2018.,23.07.2018.,1,76.6093
24.07.2018.,24.07.2018.,1,76.6985
25.07.2018.,25.07.2018.,1,76.8061
26.07.2018.,26.07.2018.,1,77.1759
27.07.2018.,27.07.2018.,1,77.5657
27.07.2018.,28.07.2018.,1,77.5657
27.07.2018.,29.07.2018.,1,77.5657
30.07.2018.,30.07.2018.,1,77.4521
31.07.2018.,31.07.2018.,1,77.1838
01.08.2018.,01.08.2018.,1,77.6110
02.08.2018.,02.08.2018.,1,77.8465
03.08.2018.,03.08.2018.,1,78.2541
03.08.2018.,04.08.2018.,1,78.2541
03.08.2018.,05.08.2018.,1,78.2541
06.08.2018.,06.08.2018.,1,78.5152
07.08.2018.,07.08.2018.,1,78.6017
08.08.2018.,08.08.2018.,1,77.7841
09.08.2018.,09.08.2018.,1,78.1537
10.08.2018.,10.08.2018.,1,78.7470
10.08.2018.,11.08.2018.,1,78.7470
10.08.2018.,12.08.2018.,1,78.7470
13.08.2018.,13.08.2018.,1,78.8110
14.08.2018.,14.08.2018.,1,78.9249
15.08.2018.,15.08.2018.,1,79.7266
16.08.2018.,16.08.2018.,1,78.9843
17.08.2018.,17.08.2018.,1,78.8505
17.08.2018.,18.08.2018.,1,78.8505
17.08.2018.,19.08.2018.,1,78.8505
20.08.2018.,20.08.2018.,1,79.0544
21.08.2018.,21.08.2018.,1,78.5956
22.08.2018.,22.08.2018.,1,78.2056
23.08.2018.,23.08.2018.,1,78.3324
24.08.2018.,24.08.2018.,1,78.0472
24.08.2018.,25.08.2018.,1,78.0472
24.08.2018.,26.08.2018.,1,78.0472
27.08.2018.,27.08.2018.,1,78.0839
28.08.2018.,28.08.2018.,1,78.0816
29.08.2018.,29.08.2018.,1,78.4643
30.08.2018.,30.08.2018.,1,78.3261
31.08.2018.,31.08.2018.,1,77.7908
31.08.2018.,01.09.2018.,1,77.7908
31.08.2018.,02.09.2018.,1,77.7908
03.09.2018.,03.09.2018.,1,77.9552
04.09.2018.,04.09.2018.,1,77.6646
05.09.2018.,05.09.2018.,1,77.2835
06.09.2018.,06.09.2018.,1,77.0177
07.09.2018.,07.09.2018.,1,77.4545
07.09.2018.,08.09.2018.,1,77.4545
07.09.2018.,09.09.2018.,1,77.4545
10.09.2018.,10.09.2018.,1,77.6877
11.09.2018.,11.09.2018.,1,77.6100
12.09.2018.,12.09.2018.,1,78.2499
13.09.2018.,13.09.2018.,1,78.2452
14.09.2018.,14.09.2018.,1,77.8538
14.09.2018.,15.09.2018.,1,77.8538
14.09.2018.,16.09.2018.,1,77.8538
17.09.2018.,17.09.2018.,1,77.9707
18.09.2018.,18.09.2018.,1,77.5862
19.09.2018.,19.09.2018.,1,78.1552
20.09.2018.,20.09.2018.,1,78.3733
21.09.2018.,21.09.2018.,1,77.7325
21.09.2018.,22.09.2018.,1,77.7325
21.09.2018.,23.09.2018.,1,77.7325
24.09.2018.,24.09.2018.,1,77.7861
25.09.2018.,25.09.2018.,1,77.6717
26.09.2018.,26.09.2018.,1,77.6123
27.09.2018.,27.09.2018.,1,77.4214
28.09.2018.,28.09.2018.,1,78.0812
28.09.2018.,29.09.2018.,1,78.0812
28.09.2018.,30.09.2018.,1,78.0812
01.10.2018.,01.10.2018.,1,79.4542
02.10.2018.,02.10.2018.,1,79.9397
03.10.2018.,03.10.2018.,1,79.7901
04.10.2018.,04.10.2018.,1,80.1628
05.10.2018.,05.10.2018.,1,79.7408
05.10.2018.,06.10.2018.,1,79.7408
05.10.2018.,07.10.2018.,1,79.7408
08.10.2018.,08.10.2018.,1,79.4519
09.10.2018.,09.10.2018.,1,79.6718
10.10.2018.,10.10.2018.,1,79.6255
11.10.2018.,11.10.2018.,1,78.4357
12.10.2018.,12.10.2018.,1,78.2165
12.10.2018.,13.10.2018.,1,78.2165
12.10.2018.,14.10.2018.,1,78.2165
15.10.2018.,15.10.2018.,1,78.5708
16.10.2018.,16.10.2018.,1,78.6148
17.10.2018.,17.10.2018.,1,78.9765
18.10.2018.,18.10.2018.,1,78.9216
19.10.2018.,19.10.2018.,1,79.1632
19.10.2018.,20.10.2018.,1,79.1632
19.10.2018.,21.10.2018.,1,79.1632
22.10.2018.,22.10.2018.,1,78.6047
23.10.2018.,23.10.2018.,1,78.9088
24.10.2018.,24.10.2018.,1,79.0325
25.10.2018.,25.10.2018.,1,79.7826
26.10.2018.,26.10.2018.,1,79.5436
26.10.2018.,27.10.2018.,1,79.5436
26.10.2018.,28.10.2018.,1,79.5436
29.10.2018.,29.10.2018.,1,79.2336
30.10.2018.,30.10.2018.,1,79.2843
31.10.2018.,31.10.2018.,1,79.4530
01.11.2018.,01.11.2018.,1,79.3204
02.11.2018.,02.11.2018.,1,79.1811
02.11.2018.,03.11.2018.,1,79.1811
02.11.2018.,04.11.2018.,1,79.1811
05.11.2018.,05.11.2018.,1,79.2352
06.11.2018.,06.11.2018.,1,79.1898
07.11.2018.,07.11.2018.,1,78.7574
08.11.2018.,08.11.2018.,1,78.9450
09.11.2018.,09.11.2018.,1,79.1834
09.11.2018.,10.11.2018.,1,79.1834
09.11.2018.,11.11.2018.,1,79.1834
09.11.2018.,12.11.2018.,1,79.1834
13.11.2018.,13.11.2018.,1,79.5414
14.11.2018.,14.11.2018.,1,79.1302
15.11.2018.,15.11.2018.,1,78.8165
16.11.2018.,16.11.2018.,1,79.1451
16.11.2018.,17.11.2018.,1,79.1451
16.11.2018.,18.11.2018.,1,79.1451
19.11.2018.,19.11.2018.,1,78.7581
20.11.2018.,20.11.2018.,1,78.4335
21.11.2018.,21.11.2018.,1,78.1839
22.11.2018.,22.11.2018.,1,78.4712
23.11.2018.,23.11.2018.,1,78.6388
23.11.2018.,24.11.2018.,1,78.6388
23.11.2018.,25.11.2018.,1,78.6388
26.11.2018.,26.11.2018.,1,79.0142
27.11.2018.,27.11.2018.,1,78.7790
28.11.2018.,28.11.2018.,1,78.7374
29.11.2018.,29.11.2018.,1,78.3020
30.11.2018.,30.11.2018.,1,78.1505
30.11.2018.,01.12.2018.,1,78.1505
30.11.2018.,02.12.2018.,1,78.1505
03.12.2018.,03.12.2018.,1,78.7841
04.12.2018.,04.12.2018.,1,78.7793
05.12.2018.,05.12.2018.,1,78.5369
06.12.2018.,06.12.2018.,1,77.7748
07.12.2018.,07.12.2018.,1,77.6393
07.12.2018.,08.12.2018.,1,77.6393
07.12.2018.,09.12.2018.,1,77.6393
10.12.2018.,10.12.2018.,1,77.8045
11.12.2018.,11.12.2018.,1,77.6627
12.12.2018.,12.12.2018.,1,78.0749
13.12.2018.,13.12.2018.,1,77.9177
14.12.2018.,14.12.2018.,1,77.9143
14.12.2018.,15.12.2018.,1,77.9143
14.12.2018.,16.12.2018.,1,77.9143
17.12.2018.,17.12.2018.,1,78.2087
18.12.2018.,18.12.2018.,1,77.9381
19.12.2018.,19.12.2018.,1,77.3217
20.12.2018.,20.12.2018.,1,76.9488
21.12.2018.,21.12.2018.,1,76.4419
21.12.2018.,22.12.2018.,1,76.4419
21.12.2018.,23.12.2018.,1,76.4419
24.12.2018.,24.12.2018.,1,76.4462
25.12.2018.,25.12.2018.,1,76.2569
26.12.2018.,26.12.2018.,1,76.1669
27.12.2018.,27.12.2018.,1,76.4297
28.12.2018.,28.12.2018.,1,75.7429
28.12.2018.,29.12.2018.,1,75.7429
28.12.2018.,30.12.2018.,1,75.7429
31.12.2018.,31.12.2018.,1,75.8630
31.12.2018.,01.01.2019.,1,75.8630
31.12.2018.,02.01.2019.,1,75.8630
03.01.2019.,03.01.2019.,1,76.4051
04.01.2019.,04.01.2019.,1,77.0572
04.01.2019.,05.01.2019.,1,77.0572
04.01.2019.,06.01.2019.,1,77.0572
04.01.2019.,07.01.2019.,1,77.0572
08.01.2019.,08.01.2019.,1,77.8603
09.01.2019.,09.01.2019.,1,78.0812
10.01.2019.,10.01.2019.,1,77.4236
11.01.2019.,11.01.2019.,1,77.8026
11.01.2019.,12.01.2019.,1,77.8026
11.01.2019.,13.01.2019.,1,77.8026
14.01.2019.,14.01.2019.,1,77.6851
15.01.2019.,15.01.2019.,1,77.7538
16.01.2019.,16.01.2019.,1,78.3052
17.01.2019.,17.01.2019.,1,78.2863
18.01.2019.,18.01.2019.,1,78.2937
18.01.2019.,19.01.2019.,1,78.2937
18.01.2019.,20.01.2019.,1,78.2937
21.01.2019.,21.01.2019.,1,78.4423
22.01.2019.,22.01.2019.,1,78.2650
23.01.2019.,23.01.2019.,1,78.1508
24.01.2019.,24.01.2019.,1,77.9553
25.01.2019.,25.01.2019.,1,78.5322
25.01.2019.,26.01.2019.,1,78.5322
25.01.2019.,27.01.2019.,1,78.5322
28.01.2019.,28.01.2019.,1,78.5492
29.01.2019.,29.01.2019.,1,78.1829
30.01.2019.,30.01.2019.,1,78.1124
31.01.2019.,31.01.2019.,1,78.4180
01.02.2019.,01.02.2019.,1,78.7359
01.02.2019.,02.02.2019.,1,78.7359
01.02.2019.,03.02.2019.,1,78.7359
04.02.2019.,04.02.2019.,1,78.9430
05.02.2019.,05.02.2019.,1,79.0289
06.02.2019.,06.02.2019.,1,79.0071
07.02.2019.,07.02.2019.,1,78.6930
08.02.2019.,08.02.2019.,1,78.3507
08.02.2019.,09.02.2019.,1,78.3507
08.02.2019.,10.02.2019.,1,78.3507
11.02.2019.,11.02.2019.,1,78.5885
12.02.2019.,12.02.2019.,1,78.8301
13.02.2019.,13.02.2019.,1,78.8491
14.02.2019.,14.02.2019.,1,79.0691
14.02.2019.,15.02.2019.,1,79.0691
14.02.2019.,16.02.2019.,1,79.0691
14.02.2019.,17.02.2019.,1,79.0691
18.02.2019.,18.02.2019.,1,78.8948
19.02.2019.,19.02.2019.,1,78.7768
20.02.2019.,20.02.2019.,1,78.8377
21.02.2019.,21.02.2019.,1,78.9228
22.02.2019.,22.02.2019.,1,78.7467
22.02.2019.,23.02.2019.,1,78.7467
22.02.2019.,24.02.2019.,1,78.7467
25.02.2019.,25.02.2019.,1,79.2809
26.02.2019.,26.02.2019.,1,78.8396
27.02.2019.,27.02.2019.,1,78.9103
28.02.2019.,28.02.2019.,1,78.9522
01.03.2019.,01.03.2019.,1,78.9264
01.03.2019.,02.03.2019.,1,78.9264
01.03.2019.,03.03.2019.,1,78.9264
04.03.2019.,04.03.2019.,1,78.1670
05.03.2019.,05.03.2019.,1,78.1830
06.03.2019.,06.03.2019.,1,78.1456
07.03.2019.,07.03.2019.,1,77.6737
08.03.2019.,08.03.2019.,1,78.3174
08.03.2019.,09.03.2019.,1,78.3174
08.03.2019.,10.03.2019.,1,78.3174
11.03.2019.,11.03.2019.,1,78.2161
12.03.2019.,12.03.2019.,1,78.2746
13.03.2019.,13.03.2019.,1,78.3364
14.03.2019.,14.03.2019.,1,78.4499
15.03.2019.,15.03.2019.,1,78.4558
15.03.2019.,16.03.2019.,1,78.4558
15.03.2019.,17.03.2019.,1,78.4558
18.03.2019.,18.03.2019.,1,78.1842
19.03.2019.,19.03.2019.,1,77.9727
20.03.2019.,20.03.2019.,1,77.9335
21.03.2019.,21.03.2019.,1,77.6053
22.03.2019.,22.03.2019.,1,77.5147
22.03.2019.,23.03.2019.,1,77.5147
22.03.2019.,24.03.2019.,1,77.5147
25.03.2019.,25.03.2019.,1,77.7741
26.03.2019.,26.03.2019.,1,77.8543
27.03.2019.,27.03.2019.,1,78.1791
28.03.2019.,28.03.2019.,1,78.1352
29.03.2019.,29.03.2019.,1,78.1841
29.03.2019.,30.03.2019.,1,78.1841
29.03.2019.,31.03.2019.,1,78.1841
01.04.2019.,01.04.2019.,1,78.6192
02.04.2019.,02.04.2019.,1,79.0241
03.04.2019.,03.04.2019.,1,78.9199
04.04.2019.,04.04.2019.,1,78.5937
05.04.2019.,05.04.2019.,1,78.6218
05.04.2019.,06.04.2019.,1,78.6218
05.04.2019.,07.04.2019.,1,78.6218
08.04.2019.,08.04.2019.,1,78.4746
09.04.2019.,09.04.2019.,1,78.6496
10.04.2019.,10.04.2019.,1,78.5685
11.04.2019.,11.04.2019.,1,78.4272
12.04.2019.,12.04.2019.,1,78.2473
12.04.2019.,13.04.2019.,1,78.2473
12.04.2019.,14.04.2019.,1,78.2473
15.04.2019.,15.04.2019.,1,78.2799
16.04.2019.,16.04.2019.,1,77.9598
17.04.2019.,17.04.2019.,1,78.1991
18.04.2019.,18.04.2019.,1,78.2181
19.04.2019.,19.04.2019.,1,78.5560
19.04.2019.,20.04.2019.,1,78.5560
19.04.2019.,21.04.2019.,1,78.5560
22.04.2019.,22.04.2019.,1,78.6098
23.04.2019.,23.04.2019.,1,78.5184
24.04.2019.,24.04.2019.,1,78.2320
25.04.2019.,25.04.2019.,1,78.3527
25.04.2019.,26.04.2019.,1,78.3527
25.04.2019.,27.04.2019.,1,78.3527
25.04.2019.,28.04.2019.,1,78.3527
25.04.2019.,29.04.2019.,1,78.3527
30.04.2019.,30.04.2019.,1,78.2972
30.04.2019.,01.05.2019.,1,78.2972
30.04.2019.,02.05.2019.,1,78.2972
03.05.2019.,03.05.2019.,1,78.3909
03.05.2019.,04.05.2019.,1,78.3909
03.05.2019.,05.05.2019.,1,78.3909
06.05.2019.,06.05.2019.,1,78.2208
07.05.2019.,07.05.2019.,1,78.3832
08.05.2019.,08.05.2019.,1,78.2335
09.05.2019.,09.05.2019.,1,78.1567
10.05.2019.,10.05.2019.,1,77.9978
10.05.2019.,11.05.2019.,1,77.9978
10.05.2019.,12.05.2019.,1,77.9978
13.05.2019.,13.05.2019.,1,78.1775
14.05.2019.,14.05.2019.,1,77.9129
15.05.2019.,15.05.2019.,1,78.1396
16.05.2019.,16.05.2019.,1,78.3016
17.05.2019.,17.05.2019.,1,78.3067
17.05.2019.,18.05.2019.,1,78.3067
17.05.2019.,19.05.2019.,1,78.3067
20.05.2019.,20.05.2019.,1,78.7204
21.05.2019.,21.05.2019.,1,78.7081
22.05.2019.,22.05.2019.,1,78.8623
23.05.2019.,23.05.2019.,1,78.6934
24.05.2019.,24.05.2019.,1,78.2844
24.05.2019.,25.05.2019.,1,78.2844
24.05.2019.,26.05.2019.,1,78.2844
27.05.2019.,27.05.2019.,1,78.2876
28.05.2019.,28.05.2019.,1,78.4746
29.05.2019.,29.05.2019.,1,78.3400
30.05.2019.,30.05.2019.,1,78.3939
31.05.2019.,31.05.2019.,1,78.2415
31.05.2019.,01.06.2019.,1,78.2415
31.05.2019.,02.06.2019.,1,78.2415
03.06.2019.,03.06.2019.,1,78.1451
04.06.2019.,04.06.2019.,1,77.9362
05.06.2019.,05.06.2019.,1,78.2239
06.06.2019.,06.06.2019.,1,78.2548
07.06.2019.,07.06.2019.,1,78.3690
07.06.2019.,08.06.2019.,1,78.3690
07.06.2019.,09.06.2019.,1,78.3690
10.06.2019.,10.06.2019.,1,78.5864
11.06.2019.,11.06.2019.,1,78.6248
12.06.2019.,12.06.2019.,1,78.3404
13.06.2019.,13.06.2019.,1,78.3819
14.06.2019.,14.06.2019.,1,78.4288
14.06.2019.,15.06.2019.,1,78.4288
14.06.2019.,16.06.2019.,1,78.4288
17.06.2019.,17.06.2019.,1,78.4191
18.06.2019.,18.06.2019.,1,78.2968
19.06.2019.,19.06.2019.,1,78.7413
20.06.2019.,20.06.2019.,1,79.0728
21.06.2019.,21.06.2019.,1,79.1987
21.06.2019.,22.06.2019.,1,79.1987
21.06.2019.,23.06.2019.,1,79.1987
24.06.2019.,24.06.2019.,1,78.5399
25.06.2019.,25.06.2019.,1,78.3680
26.06.2019.,26.06.2019.,1,78.7506
27.06.2019.,27.06.2019.,1,79.0954
28.06.2019.,28.06.2019.,1,79.2101
28.06.2019.,29.06.2019.,1,79.2101
28.06.2019.,30.06.2019.,1,79.2101
01.07.2019.,01.07.2019.,1,79.4123
02.07.2019.,02.07.2019.,1,79.5521
03.07.2019.,03.07.2019.,1,79.6356
04.07.2019.,04.07.2019.,1,79.8913
05.07.2019.,05.07.2019.,1,79.9892
05.07.2019.,06.07.2019.,1,79.9892
05.07.2019.,07.07.2019.,1,79.9892
08.07.2019.,08.07.2019.,1,80.2182
09.07.2019.,09.07.2019.,1,80.1297
10.07.2019.,10.07.2019.,1,80.0022
11.07.2019.,11.07.2019.,1,80.0049
12.07.2019.,12.07.2019.,1,80.1405
12.07.2019.,13.07.2019.,1,80.1405
12.07.2019.,14.07.2019.,1,80.1405
15.07.2019.,15.07.2019.,1,80.1419
16.07.2019.,16.07.2019.,1,80.1123
17.07.2019.,17.07.2019.,1,80.2886
18.07.2019.,18.07.2019.,1,80.2364
19.07.2019.,19.07.2019.,1,80.2332
19.07.2019.,20.07.2019.,1,80.2332
19.07.2019.,21.07.2019.,1,80.2332
22.07.2019.,22.07.2019.,1,80.3586
23.07.2019.,23.07.2019.,1,80.0791
24.07.2019.,24.07.2019.,1,80.4600
25.07.2019.,25.07.2019.,1,80.5367
26.07.2019.,26.07.2019.,1,80.2680
26.07.2019.,27.07.2019.,1,80.2680
26.07.2019.,28.07.2019.,1,80.2680
29.07.2019.,29.07.2019.,1,80.3361
30.07.2019.,30.07.2019.,1,80.2382
31.07.2019.,31.07.2019.,1,80.3073
01.08.2019.,01.08.2019.,1,80.6638
02.08.2019.,02.08.2019.,1,80.4121
02.08.2019.,03.08.2019.,1,80.4121
02.08.2019.,04.08.2019.,1,80.4121
05.08.2019.,05.08.2019.,1,79.9552
06.08.2019.,06.08.2019.,1,79.6390
07.08.2019.,07.08.2019.,1,78.9581
08.08.2019.,08.08.2019.,1,79.0539
09.08.2019.,09.08.2019.,1,79.5025
09.08.2019.,10.08.2019.,1,79.5025
09.08.2019.,11.08.2019.,1,79.5025
12.08.2019.,12.08.2019.,1,79.4175
13.08.2019.,13.08.2019.,1,79.4096
14.08.2019.,14.08.2019.,1,79.7074
15.08.2019.,15.08.2019.,1,79.3739
16.08.2019.,16.08.2019.,1,79.6408
16.08.2019.,17.08.2019.,1,79.6408
16.08.2019.,18.08.2019.,1,79.6408
19.08.2019.,19.08.2019.,1,79.9647
20.08.2019.,20.08.2019.,1,79.8210
21.08.2019.,21.08.2019.,1,79.7564
22.08.2019.,22.08.2019.,1,79.8726
23.08.2019.,23.08.2019.,1,79.9438
23.08.2019.,24.08.2019.,1,79.9438
23.08.2019.,25.08.2019.,1,79.9438
26.08.2019.,26.08.2019.,1,79.5419
27.08.2019.,27.08.2019.,1,80.1667
28.08.2019.,28.08.2019.,1,79.8707
29.08.2019.,29.08.2019.,1,79.8238
30.08.2019.,30.08.2019.,1,80.1432
30.08.2019.,31.08.2019.,1,80.1432
30.08.2019.,01.09.2019.,1,80.1432
02.09.2019.,02.09.2019.,1,80.4423
03.09.2019.,03.09.2019.,1,80.6254
04.09.2019.,04.09.2019.,1,80.3990
05.09.2019.,05.09.2019.,1,80.6338
06.09.2019.,06.09.2019.,1,80.5767
06.09.2019.,07.09.2019.,1,80.5767
06.09.2019.,08.09.2019.,1,80.5767
09.09.2019.,09.09.2019.,1,80.9690
10.09.2019.,10.09.2019.,1,80.8439
11.09.2019.,11.09.2019.,1,80.9811
12.09.2019.,12.09.2019.,1,80.9845
13.09.2019.,13.09.2019.,1,80.3058
13.09.2019.,14.09.2019.,1,80.3058
13.09.2019.,15.09.2019.,1,80.3058
16.09.2019.,16.09.2019.,1,80.2823
17.09.2019.,17.09.2019.,1,80.5869
18.09.2019.,18.09.2019.,1,80.1682
19.09.2019.,19.09.2019.,1,80.1217
20.09.2019.,20.09.2019.,1,80.1375
20.09.2019.,21.09.2019.,1,80.1375
20.09.2019.,22.09.2019.,1,80.1375
23.09.2019.,23.09.2019.,1,80.3501
24.09.2019.,24.09.2019.,1,80.6836
25.09.2019.,25.09.2019.,1,80.5951
26.09.2019.,26.09.2019.,1,80.9205
27.09.2019.,27.09.2019.,1,81.0752
27.09.2019.,28.09.2019.,1,81.0752
27.09.2019.,29.09.2019.,1,81.0752
30.09.2019.,30.09.2019.,1,81.1828
01.10.2019.,01.10.2019.,1,81.4144
02.10.2019.,02.10.2019.,1,81.3406
03.10.2019.,03.10.2019.,1,80.5250
04.10.2019.,04.10.2019.,1,80.3396
04.10.2019.,05.10.2019.,1,80.3396
04.10.2019.,06.10.2019.,1,80.3396
07.10.2019.,07.10.2019.,1,80.3204
08.10.2019.,08.10.2019.,1,80.5396
09.10.2019.,09.10.2019.,1,80.5021
10.10.2019.,10.10.2019.,1,80.3285
11.10.2019.,11.10.2019.,1,80.2986
11.10.2019.,12.10.2019.,1,80.2986
11.10.2019.,13.10.2019.,1,80.2986
14.10.2019.,14.10.2019.,1,80.6298
15.10.2019.,15.10.2019.,1,80.5254
16.10.2019.,16.10.2019.,1,80.6257
17.10.2019.,17.10.2019.,1,80.3529
18.10.2019.,18.10.2019.,1,80.4678
18.10.2019.,19.10.2019.,1,80.4678
18.10.2019.,20.10.2019.,1,80.4678
21.10.2019.,21.10.2019.,1,80.2606
22.10.2019.,22.10.2019.,1,80.6231
23.10.2019.,23.10.2019.,1,80.7128
24.10.2019.,24.10.2019.,1,80.7203
25.10.2019.,25.10.2019.,1,80.9982
25.10.2019.,26.10.2019.,1,80.9982
25.10.2019.,27.10.2019.,1,80.9982
28.10.2019.,28.10.2019.,1,81.0692
29.10.2019.,29.10.2019.,1,81.1418
30.10.2019.,30.10.2019.,1,80.7691
31.10.2019.,31.10.2019.,1,80.0202
01.11.2019.,01.11.2019.,1,80.0678
01.11.2019.,02.11.2019.,1,80.0678
01.11.2019.,03.11.2019.,1,80.0678
04.11.2019.,04.11.2019.,1,80.0426
05.11.2019.,05.11.2019.,1,80.2945
06.11.2019.,06.11.2019.,1,80.5833
07.11.2019.,07.11.2019.,1,80.4776
08.11.2019.,08.11.2019.,1,80.5785
08.11.2019.,09.11.2019.,1,80.5785
08.11.2019.,10.11.2019.,1,80.5785
08.11.2019.,11.11.2019.,1,80.5785
12.11.2019.,12.11.2019.,1,80.4190
13.11.2019.,13.11.2019.,1,80.5077
14.11.2019.,14.11.2019.,1,80.5840
15.11.2019.,15.11.2019.,1,80.5505
15.11.2019.,16.11.2019.,1,80.5505
15.11.2019.,17.11.2019.,1,80.5505
18.11.2019.,18.11.2019.,1,80.3237
19.11.2019.,19.11.2019.,1,80.3025
20.11.2019.,20.11.2019.,1,79.8895
21.11.2019.,21.11.2019.,1,79.7438
22.11.2019.,22.11.2019.,1,79.9317
22.11.2019.,23.11.2019.,1,79.9317
22.11.2019.,24.11.2019.,1,79.9317
25.11.2019.,25.11.2019.,1,80.1772
26.11.2019.,26.11.2019.,1,80.1947
27.11.2019.,27.11.2019.,1,80.4204
28.11.2019.,28.11.2019.,1,80.3836
29.11.2019.,29.11.2019.,1,80.3743
29.11.2019.,30.11.2019.,1,80.3743
29.11.2019.,01.12.2019.,1,80.3743
02.12.2019.,02.12.2019.,1,80.2666
03.12.2019.,03.12.2019.,1,79.7625
04.12.2019.,04.12.2019.,1,79.8512
05.12.2019.,05.12.2019.,1,80.3893
06.12.2019.,06.12.2019.,1,80.2623
06.12.2019.,07.12.2019.,1,80.2623
06.12.2019.,08.12.2019.,1,80.2623
09.12.2019.,09.12.2019.,1,80.1633
10.12.2019.,10.12.2019.,1,80.2797
11.12.2019.,11.12.2019.,1,80.0820
12.12.2019.,12.12.2019.,1,80.1003
13.12.2019.,13.12.2019.,1,79.8836
13.12.2019.,14.12.2019.,1,79.8836
13.12.2019.,15.12.2019.,1,79.8836
16.12.2019.,16.12.2019.,1,80.1448
17.12.2019.,17.12.2019.,1,80.0745
18.12.2019.,18.12.2019.,1,80.1611
19.12.2019.,19.12.2019.,1,80.5094
20.12.2019.,20.12.2019.,1,80.4767
20.12.2019.,21.12.2019.,1,80.4767
20.12.2019.,22.12.2019.,1,80.4767
23.12.2019.,23.12.2019.,1,80.5605
24.12.2019.,24.12.2019.,1,80.5654
25.12.2019.,25.12.2019.,1,80.5583
26.12.2019.,26.12.2019.,1,80.5673
27.12.2019.,27.12.2019.,1,80.6759
27.12.2019.,28.12.2019.,1,80.6759
27.12.2019.,29.12.2019.,1,80.6759
30.12.2019.,30.12.2019.,1,80.2939
31.12.2019.,31.12.2019.,1,80.4108
31.12.2019.,01.01.2020.,1,80.4108
31.12.2019.,02.01.2020.,1,80.4108
03.01.2020.,03.01.2020.,1,81.0341
03.01.2020.,04.01.2020.,1,81.0341
03.01.2020.,05.01.2020.,1,81.0341
06.01.2020.,06.01.2020.,1,81.1515
06.01.2020.,07.01.2020.,1,81.1515
08.01.2020.,08.01.2020.,1,81.1779
09.01.2020.,09.01.2020.,1,81.1149
10.01.2020.,10.01.2020.,1,81.0415
10.01.2020.,11.01.2020.,1,81.0415
10.01.2020.,12.01.2020.,1,81.0415
13.01.2020.,13.01.2020.,1,80.9900
14.01.2020.,14.01.2020.,1,80.8273
15.01.2020.,15.01.2020.,1,80.8420
16.01.2020.,16.01.2020.,1,80.8044
17.01.2020.,17.01.2020.,1,80.8788
17.01.2020.,18.01.2020.,1,80.8788
17.01.2020.,19.01.2020.,1,80.8788
20.01.2020.,20.01.2020.,1,81.0701
21.01.2020.,21.01.2020.,1,81.1021
22.01.2020.,22.01.2020.,1,81.0798
23.01.2020.,23.01.2020.,1,80.5448
24.01.2020.,24.01.2020.,1,81.0333
24.01.2020.,25.01.2020.,1,81.0333
24.01.2020.,26.01.2020.,1,81.0333
27.01.2020.,27.01.2020.,1,80.9426
28.01.2020.,28.01.2020.,1,80.8621
29.01.2020.,29.01.2020.,1,81.0776
30.01.2020.,30.01.2020.,1,80.8795
31.01.2020.,31.01.2020.,1,80.7331
31.01.2020.,01.02.2020.,1,80.7331
31.01.2020.,02.02.2020.,1,80.7331
03.02.2020.,03.02.2020.,1,80.1003
04.02.2020.,04.02.2020.,1,79.9896
05.02.2020.,05.02.2020.,1,80.1692
06.02.2020.,06.02.2020.,1,80.4719
07.02.2020.,07.02.2020.,1,80.5580
07.02.2020.,08.02.2020.,1,80.5580
07.02.2020.,09.02.2020.,1,80.5580
10.02.2020.,10.02.2020.,1,80.7401
11.02.2020.,11.02.2020.,1,81.0334
12.02.2020.,12.02.2020.,1,81.1354
13.02.2020.,13.02.2020.,1,81.5674
14.02.2020.,14.02.2020.,1,81.8190
14.02.2020.,15.02.2020.,1,81.8190
14.02.2020.,16.02.2020.,1,81.8190
14.02.2020.,17.02.2020.,1,81.8190
18.02.2020.,18.02.2020.,1,81.8992
19.02.2020.,19.02.2020.,1,82.1992
20.02.2020.,20.02.2020.,1,82.2875
21.02.2020.,21.02.2020.,1,82.2120
21.02.2020.,22.02.2020.,1,82.2120
21.02.2020.,23.02.2020.,1,82.2120
24.02.2020.,24.02.2020.,1,81.8909
25.02.2020.,25.02.2020.,1,81.4301
26.02.2020.,26.02.2020.,1,81.3620
27.02.2020.,27.02.2020.,1,80.7676
28.02.2020.,28.02.2020.,1,79.4082
28.02.2020.,29.02.2020.,1,79.4082
28.02.2020.,01.03.2020.,1,79.4082
02.03.2020.,02.03.2020.,1,79.7743
03.03.2020.,03.03.2020.,1,78.9865
04.03.2020.,04.03.2020.,1,78.9636
05.03.2020.,05.03.2020.,1,78.8125
06.03.2020.,06.03.2020.,1,78.0975
06.03.2020.,07.03.2020.,1,78.0975
06.03.2020.,08.03.2020.,1,78.0975
09.03.2020.,09.03.2020.,1,75.6483
10.03.2020.,10.03.2020.,1,75.8586
11.03.2020.,11.03.2020.,1,75.5435
12.03.2020.,12.03.2020.,1,75.5186
13.03.2020.,13.03.2020.,1,75.5531
13.03.2020.,14.03.2020.,1,75.5531
13.03.2020.,15.03.2020.,1,75.5531
16.03.2020.,16.03.2020.,1,76.0800
17.03.2020.,17.03.2020.,1,75.2522
18.03.2020.,18.03.2020.,1,74.9754
19.03.2020.,19.03.2020.,1,73.9463
20.03.2020.,20.03.2020.,1,76.0292
20.03.2020.,21.03.2020.,1,76.0292
20.03.2020.,22.03.2020.,1,76.0292
23.03.2020.,23.03.2020.,1,75.7862
24.03.2020.,24.03.2020.,1,75.5691
25.03.2020.,25.03.2020.,1,75.6883
26.03.2020.,26.03.2020.,1,75.5416
27.03.2020.,27.03.2020.,1,75.8542
27.03.2020.,28.03.2020.,1,75.8542
27.03.2020.,29.03.2020.,1,75.8542
30.03.2020.,30.03.2020.,1,75.4925
31.03.2020.,31.03.2020.,1,75.1786
01.04.2020.,01.04.2020.,1,75.5494
02.04.2020.,02.04.2020.,1,75.7513
03.04.2020.,03.04.2020.,1,76.4641
03.04.2020.,04.04.2020.,1,76.4641
03.04.2020.,05.04.2020.,1,76.4641
06.04.2020.,06.04.2020.,1,76.5849
07.04.2020.,07.04.2020.,1,77.2019
08.04.2020.,08.04.2020.,1,77.0752
09.04.2020.,09.04.2020.,1,77.0867
10.04.2020.,10.04.2020.,1,77.0270
10.04.2020.,11.04.2020.,1,77.0270
10.04.2020.,12.04.2020.,1,77.0270
13.04.2020.,13.04.2020.,1,77.0522
14.04.2020.,14.04.2020.,1,77.4515
15.04.2020.,15.04.2020.,1,76.9930
16.04.2020.,16.04.2020.,1,76.4804
16.04.2020.,17.04.2020.,1,76.4804
16.04.2020.,18.04.2020.,1,76.4804
16.04.2020.,19.04.2020.,1,76.4804
16.04.2020.,20.04.2020.,1,76.4804
21.04.2020.,21.04.2020.,1,76.6186
22.04.2020.,22.04.2020.,1,76.1398
23.04.2020.,23.04.2020.,1,76.8104
24.04.2020.,24.04.2020.,1,77.4970
24.04.2020.,25.04.2020.,1,77.4970
24.04.2020.,26.04.2020.,1,77.4970
27.04.2020.,27.04.2020.,1,77.0777
28.04.2020.,28.04.2020.,1,77.3022
29.04.2020.,29.04.2020.,1,77.7355
30.04.2020.,30.04.2020.,1,78.0704
30.04.2020.,01.05.2020.,1,78.0704
30.04.2020.,02.05.2020.,1,78.0704
30.04.2020.,03.05.2020.,1,78.0704
04.05.2020.,04.05.2020.,1,76.0925
05.05.2020.,05.05.2020.,1,76.6383
06.05.2020.,06.05.2020.,1,77.2752
07.05.2020.,07.05.2020.,1,77.1160
08.05.2020.,08.05.2020.,1,77.7706
08.05.2020.,09.05.2020.,1,77.7706
08.05.2020.,10.05.2020.,1,77.7706
11.05.2020.,11.05.2020.,1,77.9482
12.05.2020.,12.05.2020.,1,77.4840
13.05.2020.,13.05.2020.,1,77.1356
14.05.2020.,14.05.2020.,1,77.1369
15.05.2020.,15.05.2020.,1,77.4914
15.05.2020.,16.05.2020.,1,77.4914
15.05.2020.,17.05.2020.,1,77.4914
18.05.2020.,18.05.2020.,1,77.1615
19.05.2020.,19.05.2020.,1,77.2465
20.05.2020.,20.05.2020.,1,77.1622
21.05.2020.,21.05.2020.,1,76.9912
22.05.2020.,22.05.2020.,1,76.8107
22.05.2020.,23.05.2020.,1,76.8107
22.05.2020.,24.05.2020.,1,76.8107
25.05.2020.,25.05.2020.,1,77.1531
26.05.2020.,26.05.2020.,1,77.2239
27.05.2020.,27.05.2020.,1,77.8647
28.05.2020.,28.05.2020.,1,77.5368
29.05.2020.,29.05.2020.,1,76.9705
29.05.2020.,30.05.2020.,1,76.9705
29.05.2020.,31.05.2020.,1,76.9705
01.06.2020.,01.06.2020.,1,76.9049
02.06.2020.,02.06.2020.,1,78.0176
03.06.2020.,03.06.2020.,1,77.7126
04.06.2020.,04.06.2020.,1,77.6042
05.06.2020.,05.06.2020.,1,76.7917
05.06.2020.,06.06.2020.,1,76.7917
05.06.2020.,07.06.2020.,1,76.7917
08.06.2020.,08.06.2020.,1,77.5505
09.06.2020.,09.06.2020.,1,77.7555
10.06.2020.,10.06.2020.,1,77.3579
11.06.2020.,11.06.2020.,1,76.9751
12.06.2020.,12.06.2020.,1,76.4214
12.06.2020.,13.06.2020.,1,76.4214
12.06.2020.,14.06.2020.,1,76.4214
15.06.2020.,15.06.2020.,1,76.5783
16.06.2020.,16.06.2020.,1,76.6644
17.06.2020.,17.06.2020.,1,76.9717
18.06.2020.,18.06.2020.,1,77.0227
19.06.2020.,19.06.2020.,1,77.0872
19.06.2020.,20.06.2020.,1,77.0872
19.06.2020.,21.06.2020.,1,77.0872
22.06.2020.,22.06.2020.,1,77.2317
23.06.2020.,23.06.2020.,1,77.0804
24.06.2020.,24.06.2020.,1,76.6546
25.06.2020.,25.06.2020.,1,76.6115
26.06.2020.,26.06.2020.,1,76.8256
26.06.2020.,27.06.2020.,1,76.8256
26.06.2020.,28.06.2020.,1,76.8256
29.06.2020.,29.06.2020.,1,76.5451
30.06.2020.,30.06.2020.,1,76.5818
01.07.2020.,01.07.2020.,1,77.1485
02.07.2020.,02.07.2020.,1,76.6851
03.07.2020.,03.07.2020.,1,77.1679
03.07.2020.,04.07.2020.,1,77.1679
03.07.2020.,05.07.2020.,1,77.1679
06.07.2020.,06.07.2020.,1,76.9313
07.07.2020.,07.07.2020.,1,76.7152
08.07.2020.,08.07.2020.,1,76.6249
09.07.2020.,09.07.2020.,1,76.6044
10.07.2020.,10.07.2020.,1,76.6208
10.07.2020.,11.07.2020.,1,76.6208
10.07.2020.,12.07.2020.,1,76.6208
13.07.2020.,13.07.2020.,1,76.5290
14.07.2020.,14.07.2020.,1,76.1029
15.07.2020.,15.07.2020.,1,75.8572
16.07.2020.,16.07.2020.,1,76.3406
17.07.2020.,17.07.2020.,1,76.0162
17.07.2020.,18.07.2020.,1,76.0162
17.07.2020.,19.07.2020.,1,76.0162
20.07.2020.,20.07.2020.,1,75.6419
21.07.2020.,21.07.2020.,1,76.1243
22.07.2020.,22.07.2020.,1,75.7669
23.07.2020.,23.07.2020.,1,75.7538
24.07.2020.,24.07.2020.,1,75.5275
24.07.2020.,25.07.2020.,1,75.5275
24.07.2020.,26.07.2020.,1,75.5275
27.07.2020.,27.07.2020.,1,75.0767
28.07.2020.,28.07.2020.,1,74.9715
29.07.2020.,29.07.2020.,1,74.9454
30.07.2020.,30.07.2020.,1,74.8275
31.07.2020.,31.07.2020.,1,73.6448
31.07.2020.,01.08.2020.,1,73.6448
31.07.2020.,02.08.2020.,1,73.6448
03.08.2020.,03.08.2020.,1,74.5024
04.08.2020.,04.08.2020.,1,74.6256
05.08.2020.,05.08.2020.,1,74.8639
06.08.2020.,06.08.2020.,1,74.6213
07.08.2020.,07.08.2020.,1,74.3346
07.08.2020.,08.08.2020.,1,74.3346
07.08.2020.,09.08.2020.,1,74.3346
10.08.2020.,10.08.2020.,1,74.5117
11.08.2020.,11.08.2020.,1,75.0973
12.08.2020.,12.08.2020.,1,75.2059
13.08.2020.,13.08.2020.,1,75.2068
14.08.2020.,14.08.2020.,1,75.2852
14.08.2020.,15.08.2020.,1,75.2852
14.08.2020.,16.08.2020.,1,75.2852
17.08.2020.,17.08.2020.,1,74.8345
18.08.2020.,18.08.2020.,1,74.9769
19.08.2020.,19.08.2020.,1,74.8626
20.08.2020.,20.08.2020.,1,75.0985
21.08.2020.,21.08.2020.,1,75.1867
21.08.2020.,22.08.2020.,1,75.1867
21.08.2020.,23.08.2020.,1,75.1867
24.08.2020.,24.08.2020.,1,75.6761
25.08.2020.,25.08.2020.,1,75.2305
26.08.2020.,26.08.2020.,1,75.5195
27.08.2020.,27.08.2020.,1,75.5783
28.08.2020.,28.08.2020.,1,75.5919
28.08.2020.,29.08.2020.,1,75.5919
28.08.2020.,30.08.2020.,1,75.5919
31.08.2020.,31.08.2020.,1,75.4808
01.09.2020.,01.09.2020.,1,75.3887
02.09.2020.,02.09.2020.,1,75.5704
03.09.2020.,03.09.2020.,1,76.1573
04.09.2020.,04.09.2020.,1,75.5735
04.09.2020.,05.09.2020.,1,75.5735
04.09.2020.,06.09.2020.,1,75.5735
07.09.2020.,07.09.2020.,1,75.8828
08.09.2020.,08.09.2020.,1,75.8964
09.09.2020.,09.09.2020.,1,75.4447
10.09.2020.,10.09.2020.,1,75.6138
11.09.2020.,11.09.2020.,1,75.4278
11.09.2020.,12.09.2020.,1,75.4278
11.09.2020.,13.09.2020.,1,75.4278
14.09.2020.,14.09.2020.,1,75.3871
15.09.2020.,15.09.2020.,1,75.1881
16.09.2020.,16.09.2020.,1,75.3243
17.09.2020.,17.09.2020.,1,75.5430
18.09.2020.,18.09.2020.,1,75.3876
18.09.2020.,19.09.2020.,1,75.3876
18.09.2020.,20.09.2020.,1,75.3876
21.09.2020.,21.09.2020.,1,75.1780
22.09.2020.,22.09.2020.,1,75.1073
23.09.2020.,23.09.2020.,1,75.5048
24.09.2020.,24.09.2020.,1,75.2442
25.09.2020.,25.09.2020.,1,75.4836
25.09.2020.,26.09.2020.,1,75.4836
25.09.2020.,27.09.2020.,1,75.4836
28.09.2020.,28.09.2020.,1,75.5247
29.09.2020.,29.09.2020.,1,75.2796
30.09.2020.,30.09.2020.,1,74.7253
01.10.2020.,01.10.2020.,1,75.2911
02.10.2020.,02.10.2020.,1,75.4182
02.10.2020.,03.10.2020.,1,75.4182
02.10.2020.,04.10.2020.,1,75.4182
05.10.2020.,05.10.2020.,1,75.4736
06.10.2020.,06.10.2020.,1,75.2049
07.10.2020.,07.10.2020.,1,75.2225
08.10.2020.,08.10.2020.,1,75.3526
09.10.2020.,09.10.2020.,1,75.7108
09.10.2020.,10.10.2020.,1,75.7108
09.10.2020.,11.10.2020.,1,75.7108
12.10.2020.,12.10.2020.,1,75.7626
13.10.2020.,13.10.2020.,1,75.9418
14.10.2020.,14.10.2020.,1,76.2115
15.10.2020.,15.10.2020.,1,76.0600
16.10.2020.,16.10.2020.,1,75.8941
16.10.2020.,17.10.2020.,1,75.8941
16.10.2020.,18.10.2020.,1,75.8941
19.10.2020.,19.10.2020.,1,76.1412
20.10.2020.,20.10.2020.,1,75.6629
21.10.2020.,21.10.2020.,1,75.7946
22.10.2020.,22.10.2020.,1,75.3930
23.10.2020.,23.10.2020.,1,75.7663
23.10.2020.,24.10.2020.,1,75.7663
23.10.2020.,25.10.2020.,1,75.7663
26.10.2020.,26.10.2020.,1,75.4914
27.10.2020.,27.10.2020.,1,75.4199
28.10.2020.,28.10.2020.,1,75.6890
29.10.2020.,29.10.2020.,1,75.2701
30.10.2020.,30.10.2020.,1,75.4414
30.10.2020.,31.10.2020.,1,75.4414
30.10.2020.,01.11.2020.,1,75.4414
02.11.2020.,02.11.2020.,1,75.7261
03.11.2020.,03.11.2020.,1,76.2363
04.11.2020.,04.11.2020.,1,76.1832
05.11.2020.,05.11.2020.,1,76.2382
06.11.2020.,06.11.2020.,1,76.0162
06.11.2020.,07.11.2020.,1,76.0162
06.11.2020.,08.11.2020.,1,76.0162
09.11.2020.,09.11.2020.,1,75.9598
10.11.2020.,10.11.2020.,1,76.3614
10.11.2020.,11.11.2020.,1,76.3614
12.11.2020.,12.11.2020.,1,76.3163
13.11.2020.,13.11.2020.,1,75.6555
13.11.2020.,14.11.2020.,1,75.6555
13.11.2020.,15.11.2020.,1,75.6555
16.11.2020.,16.11.2020.,1,75.6954
17.11.2020.,17.11.2020.,1,75.8255
18.11.2020.,18.11.2020.,1,75.6102
19.11.2020.,19.11.2020.,1,75.8203
20.11.2020.,20.11.2020.,1,75.6853
20.11.2020.,21.11.2020.,1,75.6853
20.11.2020.,22.11.2020.,1,75.6853
23.11.2020.,23.11.2020.,1,75.6972
24.11.2020.,24.11.2020.,1,76.0264
25.11.2020.,25.11.2020.,1,75.9200
26.11.2020.,26.11.2020.,1,75.8132
27.11.2020.,27.11.2020.,1,75.7869
27.11.2020.,28.11.2020.,1,75.7869
27.11.2020.,29.11.2020.,1,75.7869
30.11.2020.,30.11.2020.,1,75.5864
01.12.2020.,01.12.2020.,1,75.8123
02.12.2020.,02.12.2020.,1,75.2175
03.12.2020.,03.12.2020.,1,75.0385
04.12.2020.,04.12.2020.,1,75.2658
04.12.2020.,05.12.2020.,1,75.2658
04.12.2020.,06.12.2020.,1,75.2658
07.12.2020.,07.12.2020.,1,75.7926
08.12.2020.,08.12.2020.,1,75.8471
09.12.2020.,09.12.2020.,1,75.6606
10.12.2020.,10.12.2020.,1,75.9694
11.12.2020.,11.12.2020.,1,75.9963
11.12.2020.,12.12.2020.,1,75.9963
11.12.2020.,13.12.2020.,1,75.9963
14.12.2020.,14.12.2020.,1,75.9236
15.12.2020.,15.12.2020.,1,75.8230
16.12.2020.,16.12.2020.,1,75.9033
17.12.2020.,17.12.2020.,1,75.5967
18.12.2020.,18.12.2020.,1,75.2746
18.12.2020.,19.12.2020.,1,75.2746
18.12.2020.,20.12.2020.,1,75.2746
21.12.2020.,21.12.2020.,1,75.0844
22.12.2020.,22.12.2020.,1,74.6768
23.12.2020.,23.12.2020.,1,74.8257
24.12.2020.,24.12.2020.,1,74.9590
25.12.2020.,25.12.2020.,1,74.9190
25.12.2020.,26.12.2020.,1,74.9190
25.12.2020.,27.12.2020.,1,74.9190
28.12.2020.,28.12.2020.,1,74.9007
29.12.2020.,29.12.2020.,1,74.9090
30.12.2020.,30.12.2020.,1,74.8026
31.12.2020.,31.12.2020.,1,75.0831
31.12.2020.,01.01.2021.,1,75.0831
31.12.2020.,02.01.2021.,1,75.0831
31.12.2020.,03.01.2021.,1,75.0831
04.01.2021.,04.01.2021.,1,75.5547
05.01.2021.,05.01.2021.,1,75.1395
06.01.2021.,06.01.2021.,1,75.4576
06.01.2021.,07.01.2021.,1,75.4576
08.01.2021.,08.01.2021.,1,75.6146
08.01.2021.,09.01.2021.,1,75.6146
08.01.2021.,10.01.2021.,1,75.6146
11.01.2021.,11.01.2021.,1,75.6416
12.01.2021.,12.01.2021.,1,75.7867
13.01.2021.,13.01.2021.,1,75.6917
14.01.2021.,14.01.2021.,1,76.2530
15.01.2021.,15.01.2021.,1,76.4911
15.01.2021.,16.01.2021.,1,76.4911
15.01.2021.,17.01.2021.,1,76.4911
18.01.2021.,18.01.2021.,1,76.2026
19.01.2021.,19.01.2021.,1,76.3650
20.01.2021.,20.01.2021.,1,76.2052
21.01.2021.,21.01.2021.,1,76.8218
22.01.2021.,22.01.2021.,1,76.2146
22.01.2021.,23.01.2021.,1,76.2146
22.01.2021.,24.01.2021.,1,76.2146
25.01.2021.,25.01.2021.,1,76.0866
26.01.2021.,26.01.2021.,1,75.8939
27.01.2021.,27.01.2021.,1,76.0347
28.01.2021.,28.01.2021.,1,75.7310
29.01.2021.,29.01.2021.,1,75.4820
29.01.2021.,30.01.2021.,1,75.4820
29.01.2021.,31.01.2021.,1,75.4820
01.02.2021.,01.02.2021.,1,75.9109
02.02.2021.,02.02.2021.,1,75.9185
03.02.2021.,03.02.2021.,1,76.3510
04.02.2021.,04.02.2021.,1,76.4297
05.02.2021.,05.02.2021.,1,76.6838
05.02.2021.,06.02.2021.,1,76.6838
05.02.2021.,07.02.2021.,1,76.6838
08.02.2021.,08.02.2021.,1,76.5025
09.02.2021.,09.02.2021.,1,76.4753
10.02.2021.,10.02.2021.,1,76.3788
11.02.2021.,11.02.2021.,1,76.4034
12.02.2021.,12.02.2021.,1,76.2066
12.02.2021.,13.02.2021.,1,76.2066
12.02.2021.,14.02.2021.,1,76.2066
12.02.2021.,15.02.2021.,1,76.2066
12.02.2021.,16.02.2021.,1,76.2066
17.02.2021.,17.02.2021.,1,76.6213
18.02.2021.,18.02.2021.,1,76.8364
19.02.2021.,19.02.2021.,1,76.5752
19.02.2021.,20.02.2021.,1,76.5752
19.02.2021.,21.02.2021.,1,76.5752
22.02.2021.,22.02.2021.,1,76.9429
23.02.2021.,23.02.2021.,1,76.7078
24.02.2021.,24.02.2021.,1,76.8525
25.02.2021.,25.02.2021.,1,77.2050
26.02.2021.,26.02.2021.,1,76.6761
26.02.2021.,27.02.2021.,1,76.6761
26.02.2021.,28.02.2021.,1,76.6761
01.03.2021.,01.03.2021.,1,76.6072
02.03.2021.,02.03.2021.,1,77.1340
03.03.2021.,03.03.2021.,1,77.0168
04.03.2021.,04.03.2021.,1,77.0962
05.03.2021.,05.03.2021.,1,77.6972
05.03.2021.,06.03.2021.,1,77.6972
05.03.2021.,07.03.2021.,1,77.6972
08.03.2021.,08.03.2021.,1,78.0412
09.03.2021.,09.03.2021.,1,78.3742
10.03.2021.,10.03.2021.,1,78.0966
11.03.2021.,11.03.2021.,1,78.1604
12.03.2021.,12.03.2021.,1,78.3226
12.03.2021.,13.03.2021.,1,78.3226
12.03.2021.,14.03.2021.,1,78.3226
15.03.2021.,15.03.2021.,1,78.9060
16.03.2021.,16.03.2021.,1,78.9470
17.03.2021.,17.03.2021.,1,79.3231
18.03.2021.,18.03.2021.,1,79.2372
19.03.2021.,19.03.2021.,1,78.9528
19.03.2021.,20.03.2021.,1,78.9528
19.03.2021.,21.03.2021.,1,78.9528
22.03.2021.,22.03.2021.,1,79.0888
23.03.2021.,23.03.2021.,1,78.5436
24.03.2021.,24.03.2021.,1,78.8205
25.03.2021.,25.03.2021.,1,79.1317
26.03.2021.,26.03.2021.,1,79.3490
26.03.2021.,27.03.2021.,1,79.3490
26.03.2021.,28.03.2021.,1,79.3490
29.03.2021.,29.03.2021.,1,79.0635
30.03.2021.,30.03.2021.,1,79.3555
31.03.2021.,31.03.2021.,1,79.5589
01.04.2021.,01.04.2021.,1,79.6330
02.04.2021.,02.04.2021.,1,79.6542
02.04.2021.,03.04.2021.,1,79.6542
02.04.2021.,04.04.2021.,1,79.6542
05.04.2021.,05.04.2021.,1,79.4567
06.04.2021.,06.04.2021.,1,79.4101
07.04.2021.,07.04.2021.,1,78.6794
08.04.2021.,08.04.2021.,1,78.5350
09.04.2021.,09.04.2021.,1,78.5382
09.04.2021.,10.04.2021.,1,78.5382
09.04.2021.,11.04.2021.,1,78.5382
12.04.2021.,12.04.2021.,1,78.6925
13.04.2021.,13.04.2021.,1,78.5633
14.04.2021.,14.04.2021.,1,78.3957
15.04.2021.,15.04.2021.,1,78.3751
16.04.2021.,16.04.2021.,1,78.3566
16.04.2021.,17.04.2021.,1,78.3566
16.04.2021.,18.04.2021.,1,78.3566
19.04.2021.,19.04.2021.,1,78.5858
20.04.2021.,20.04.2021.,1,78.0066
21.04.2021.,21.04.2021.,1,77.5053
22.04.2021.,22.04.2021.,1,78.1217
23.04.2021.,23.04.2021.,1,78.3182
23.04.2021.,24.04.2021.,1,78.3182
23.04.2021.,25.04.2021.,1,78.3182
26.04.2021.,26.04.2021.,1,77.9278
27.04.2021.,27.04.2021.,1,78.5274
28.04.2021.,28.04.2021.,1,78.5161
29.04.2021.,29.04.2021.,1,78.6994
29.04.2021.,30.04.2021.,1,78.6994
29.04.2021.,01.05.2021.,1,78.6994
29.04.2021.,02.05.2021.,1,78.6994
29.04.2021.,03.05.2021.,1,78.6994
29.04.2021.,04.05.2021.,1,78.6994
05.05.2021.,05.05.2021.,1,79.5730
06.05.2021.,06.05.2021.,1,79.8292
07.05.2021.,07.05.2021.,1,80.1072
07.05.2021.,08.05.2021.,1,80.1072
07.05.2021.,09.05.2021.,1,80.1072
10.05.2021.,10.05.2021.,1,79.7752
11.05.2021.,11.05.2021.,1,80.0592
12.05.2021.,12.05.2021.,1,80.0288
13.05.2021.,13.05.2021.,1,80.2907
14.05.2021.,14.05.2021.,1,79.9145
14.05.2021.,15.05.2021.,1,79.9145
14.05.2021.,16.05.2021.,1,79.9145
17.05.2021.,17.05.2021.,1,79.9604
18.05.2021.,18.05.2021.,1,80.2315
19.05.2021.,19.05.2021.,1,79.6093
20.05.2021.,20.05.2021.,1,79.6965
21.05.2021.,21.05.2021.,1,79.6067
21.05.2021.,22.05.2021.,1,79.6067
21.05.2021.,23.05.2021.,1,79.6067
24.05.2021.,24.05.2021.,1,79.9617
25.05.2021.,25.05.2021.,1,79.8296
26.05.2021.,26.05.2021.,1,79.5735
27.05.2021.,27.05.2021.,1,79.5315
28.05.2021.,28.05.2021.,1,79.8659
28.05.2021.,29.05.2021.,1,79.8659
28.05.2021.,30.05.2021.,1,79.8659
31.05.2021.,31.05.2021.,1,79.7847
01.06.2021.,01.06.2021.,1,79.8196
02.06.2021.,02.06.2021.,1,79.7254
03.06.2021.,03.06.2021.,1,79.9965
04.06.2021.,04.06.2021.,1,80.0820
04.06.2021.,05.06.2021.,1,80.0820
04.06.2021.,06.06.2021.,1,80.0820
07.06.2021.,07.06.2021.,1,79.9554
08.06.2021.,08.06.2021.,1,79.8538
09.06.2021.,09.06.2021.,1,79.7327
10.06.2021.,10.06.2021.,1,79.7823
11.06.2021.,11.06.2021.,1,79.7953
11.06.2021.,12.06.2021.,1,79.7953
11.06.2021.,13.06.2021.,1,79.7953
14.06.2021.,14.06.2021.,1,79.9311
15.06.2021.,15.06.2021.,1,79.8676
16.06.2021.,16.06.2021.,1,79.5901
17.06.2021.,17.06.2021.,1,79.8584
18.06.2021.,18.06.2021.,1,79.7932
18.06.2021.,19.06.2021.,1,79.7932
18.06.2021.,20.06.2021.,1,79.7932
21.06.2021.,21.06.2021.,1,79.4358
22.06.2021.,22.06.2021.,1,79.7971
23.06.2021.,23.06.2021.,1,80.0310
24.06.2021.,24.06.2021.,1,80.1113
25.06.2021.,25.06.2021.,1,79.9638
25.06.2021.,26.06.2021.,1,79.9638
25.06.2021.,27.06.2021.,1,79.9638
28.06.2021.,28.06.2021.,1,80.0884
29.06.2021.,29.06.2021.,1,79.9457
30.06.2021.,30.06.2021.,1,79.6896
01.07.2021.,01.07.2021.,1,79.9858
02.07.2021.,02.07.2021.,1,79.8306
02.07.2021.,03.07.2021.,1,79.8306
02.07.2021.,04.07.2021.,1,79.8306
05.07.2021.,05.07.2021.,1,80.3224
06.07.2021.,06.07.2021.,1,80.3016
07.07.2021.,07.07.2021.,1,79.7278
08.07.2021.,08.07.2021.,1,79.5282
09.07.2021.,09.07.2021.,1,79.2541
09.07.2021.,10.07.2021.,1,79.2541
09.07.2021.,11.07.2021.,1,79.2541
12.07.2021.,12.07.2021.,1,79.4285
13.07.2021.,13.07.2021.,1,79.5198
14.07.2021.,14.07.2021.,1,79.7383
15.07.2021.,15.07.2021.,1,79.1983
16.07.2021.,16.07.2021.,1,79.1764
16.07.2021.,17.07.2021.,1,79.1764
16.07.2021.,18.07.2021.,1,79.1764
19.07.2021.,19.07.2021.,1,78.7606
20.07.2021.,20.07.2021.,1,78.1561
21.07.2021.,21.07.2021.,1,78.5766
22.07.2021.,22.07.2021.,1,79.1964
23.07.2021.,23.07.2021.,1,79.4358
23.07.2021.,24.07.2021.,1,79.4358
23.07.2021.,25.07.2021.,1,79.4358
26.07.2021.,26.07.2021.,1,79.3417
27.07.2021.,27.07.2021.,1,79.3570
28.07.2021.,28.07.2021.,1,78.9919
29.07.2021.,29.07.2021.,1,79.4102
30.07.2021.,30.07.2021.,1,79.4746
30.07.2021.,31.07.2021.,1,79.4746
30.07.2021.,01.08.2021.,1,79.4746
02.08.2021.,02.08.2021.,1,79.3972
03.08.2021.,03.08.2021.,1,79.0778
04.08.2021.,04.08.2021.,1,79.0072
05.08.2021.,05.08.2021.,1,79.2557
06.08.2021.,06.08.2021.,1,79.4748
06.08.2021.,07.08.2021.,1,79.4748
06.08.2021.,08.08.2021.,1,79.4748
09.08.2021.,09.08.2021.,1,79.5501
10.08.2021.,10.08.2021.,1,79.6226
11.08.2021.,11.08.2021.,1,80.0556
12.08.2021.,12.08.2021.,1,80.0717
13.08.2021.,13.08.2021.,1,80.0050
13.08.2021.,14.08.2021.,1,80.0050
13.08.2021.,15.08.2021.,1,80.0050
16.08.2021.,16.08.2021.,1,79.5135
17.08.2021.,17.08.2021.,1,79.3428
18.08.2021.,18.08.2021.,1,79.5631
19.08.2021.,19.08.2021.,1,79.2814
20.08.2021.,20.08.2021.,1,77.9924
20.08.2021.,21.08.2021.,1,77.9924
20.08.2021.,22.08.2021.,1,77.9924
23.08.2021.,23.08.2021.,1,78.5526
24.08.2021.,24.08.2021.,1,79.1567
25.08.2021.,25.08.2021.,1,79.3717
26.08.2021.,26.08.2021.,1,79.1714
27.08.2021.,27.08.2021.,1,78.7977
27.08.2021.,28.08.2021.,1,78.7977
27.08.2021.,29.08.2021.,1,78.7977
30.08.2021.,30.08.2021.,1,78.8639
31.08.2021.,31.08.2021.,1,78.9580
01.09.2021.,01.09.2021.,1,78.9283
02.09.2021.,02.09.2021.,1,78.6726
03.09.2021.,03.09.2021.,1,78.8252
03.09.2021.,04.09.2021.,1,78.8252
03.09.2021.,05.09.2021.,1,78.8252
06.09.2021.,06.09.2021.,1,78.9655
07.09.2021.,07.09.2021.,1,78.9261
08.09.2021.,08.09.2021.,1,78.5166
09.09.2021.,09.09.2021.,1,78.2221
10.09.2021.,10.09.2021.,1,78.5646
10.09.2021.,11.09.2021.,1,78.5646
10.09.2021.,12.09.2021.,1,78.5646
13.09.2021.,13.09.2021.,1,78.5462
14.09.2021.,14.09.2021.,1,78.6427
15.09.2021.,15.09.2021.,1,78.4889
16.09.2021.,16.09.2021.,1,78.7924
17.09.2021.,17.09.2021.,1,78.8658
17.09.2021.,18.09.2021.,1,78.8658
17.09.2021.,19.09.2021.,1,78.8658
20.09.2021.,20.09.2021.,1,78.4131
21.09.2021.,21.09.2021.,1,78.4889
22.09.2021.,22.09.2021.,1,78.3888
23.09.2021.,23.09.2021.,1,78.6829
24.09.2021.,24.09.2021.,1,79.0390
24.09.2021.,25.09.2021.,1,79.0390
24.09.2021.,26.09.2021.,1,79.0390
27.09.2021.,27.09.2021.,1,79.4149
28.09.2021.,28.09.2021.,1,79.7293
29.09.2021.,29.09.2021.,1,79.3537
30.09.2021.,30.09.2021.,1,79.5503
01.10.2021.,01.10.2021.,1,79.7748
01.10.2021.,02.10.2021.,1,79.7748
01.10.2021.,03.10.2021.,1,79.7748
04.10.2021.,04.10.2021.,1,80.2986
05.10.2021.,05.10.2021.,1,80.3186
06.10.2021.,06.10.2021.,1,80.4991
07.10.2021.,07.10.2021.,1,80.8379
08.10.2021.,08.10.2021.,1,81.0575
08.10.2021.,09.10.2021.,1,81.0575
08.10.2021.,10.10.2021.,1,81.0575
11.10.2021.,11.10.2021.,1,81.4796
12.10.2021.,12.10.2021.,1,81.4594
13.10.2021.,13.10.2021.,1,81.7129
14.10.2021.,14.10.2021.,1,81.6224
15.10.2021.,15.10.2021.,1,81.9711
15.10.2021.,16.10.2021.,1,81.9711
15.10.2021.,17.10.2021.,1,81.9711
18.10.2021.,18.10.2021.,1,81.8904
19.10.2021.,19.10.2021.,1,81.7719
20.10.2021.,20.10.2021.,1,81.7842
21.10.2021.,21.10.2021.,1,81.9101
22.10.2021.,22.10.2021.,1,81.8551
22.10.2021.,23.10.2021.,1,81.8551
22.10.2021.,24.10.2021.,1,81.8551
25.10.2021.,25.10.2021.,1,81.6587
26.10.2021.,26.10.2021.,1,81.8790
27.10.2021.,27.10.2021.,1,81.7716
28.10.2021.,28.10.2021.,1,81.8540
29.10.2021.,29.10.2021.,1,81.5595
29.10.2021.,30.10.2021.,1,81.5595
29.10.2021.,31.10.2021.,1,81.5595
01.11.2021.,01.11.2021.,1,82.1277
02.11.2021.,02.11.2021.,1,81.7442
03.11.2021.,03.11.2021.,1,81.7265
04.11.2021.,04.11.2021.,1,81.7722
05.11.2021.,05.11.2021.,1,81.6262
05.11.2021.,06.11.2021.,1,81.6262
05.11.2021.,07.11.2021.,1,81.6262
08.11.2021.,08.11.2021.,1,81.6659
09.11.2021.,09.11.2021.,1,81.4772
10.11.2021.,10.11.2021.,1,81.6308
10.11.2021.,11.11.2021.,1,81.6308
12.11.2021.,12.11.2021.,1,81.6538
12.11.2021.,13.11.2021.,1,81.6538
12.11.2021.,14.11.2021.,1,81.6538
15.11.2021.,15.11.2021.,1,81.8642
16.11.2021.,16.11.2021.,1,82.5308
17.11.2021.,17.11.2021.,1,82.7867
18.11.2021.,18.11.2021.,1,82.3732
19.11.2021.,19.11.2021.,1,82.2242
19.11.2021.,20.11.2021.,1,82.2242
19.11.2021.,21.11.2021.,1,82.2242
22.11.2021.,22.11.2021.,1,82.4820
23.11.2021.,23.11.2021.,1,82.2981
24.11.2021.,24.11.2021.,1,82.4977
25.11.2021.,25.11.2021.,1,82.8853
26.11.2021.,26.11.2021.,1,82.3723
26.11.2021.,27.11.2021.,1,82.3723
26.11.2021.,28.11.2021.,1,82.3723
29.11.2021.,29.11.2021.,1,81.7048
30.11.2021.,30.11.2021.,1,81.2142
01.12.2021.,01.12.2021.,1,81.4407
02.12.2021.,02.12.2021.,1,81.1048
03.12.2021.,03.12.2021.,1,81.2620
03.12.2021.,04.12.2021.,1,81.2620
03.12.2021.,05.12.2021.,1,81.2620
06.12.2021.,06.12.2021.,1,81.2508
07.12.2021.,07.12.2021.,1,81.8124
08.12.2021.,08.12.2021.,1,82.2664
09.12.2021.,09.12.2021.,1,81.9465
10.12.2021.,10.12.2021.,1,81.8382
10.12.2021.,11.12.2021.,1,81.8382
10.12.2021.,12.12.2021.,1,81.8382
13.12.2021.,13.12.2021.,1,81.8432
14.12.2021.,14.12.2021.,1,81.3118
15.12.2021.,15.12.2021.,1,81.1490
16.12.2021.,16.12.2021.,1,81.1050
17.12.2021.,17.12.2021.,1,81.0503
17.12.2021.,18.12.2021.,1,81.0503
17.12.2021.,19.12.2021.,1,81.0503
20.12.2021.,20.12.2021.,1,80.9264
21.12.2021.,21.12.2021.,1,80.6423
22.12.2021.,22.12.2021.,1,80.7762
23.12.2021.,23.12.2021.,1,80.7703
24.12.2021.,24.12.2021.,1,80.9248
24.12.2021.,25.12.2021.,1,80.9248
24.12.2021.,26.12.2021.,1,80.9248
27.12.2021.,27.12.2021.,1,81.0333
28.12.2021.,28.12.2021.,1,81.1564
29.12.2021.,29.12.2021.,1,81.0694
30.12.2021.,30.12.2021.,1,81.1152
31.12.2021.,31.12.2021.,1,81.6316
31.12.2021.,01.01.2022.,1,81.6316
31.12.2021.,02.01.2022.,1,81.6316
31.12.2021.,03.01.2022.,1,81.6316
04.01.2022.,04.01.2022.,1,81.7316
05.01.2022.,05.01.2022.,1,81.8260
06.01.2022.,06.01.2022.,1,81.3177
06.01.2022.,07.01.2022.,1,81.3177
06.01.2022.,08.01.2022.,1,81.3177
06.01.2022.,09.01.2022.,1,81.3177
10.01.2022.,10.01.2022.,1,82.0248
11.01.2022.,11.01.2022.,1,81.9370
12.01.2022.,12.01.2022.,1,82.3500
13.01.2022.,13.01.2022.,1,82.1817
14.01.2022.,14.01.2022.,1,82.0255
14.01.2022.,15.01.2022.,1,82.0255
14.01.2022.,16.01.2022.,1,82.0255
17.01.2022.,17.01.2022.,1,82.0766
18.01.2022.,18.01.2022.,1,82.4301
19.01.2022.,19.01.2022.,1,82.9620
20.01.2022.,20.01.2022.,1,82.9265
21.01.2022.,21.01.2022.,1,82.8993
21.01.2022.,22.01.2022.,1,82.8993
21.01.2022.,23.01.2022.,1,82.8993
24.01.2022.,24.01.2022.,1,82.6096
25.01.2022.,25.01.2022.,1,82.2437
26.01.2022.,26.01.2022.,1,82.5730
27.01.2022.,27.01.2022.,1,82.3642
28.01.2022.,28.01.2022.,1,82.8477
28.01.2022.,29.01.2022.,1,82.8477
28.01.2022.,30.01.2022.,1,82.8477
31.01.2022.,31.01.2022.,1,82.7307
01.02.2022.,01.02.2022.,1,82.3575
02.02.2022.,02.02.2022.,1,82.2325
03.02.2022.,03.02.2022.,1,82.0098
04.02.2022.,04.02.2022.,1,80.8837
04.02.2022.,05.02.2022.,1,80.8837
04.02.2022.,06.02.2022.,1,80.8837
07.02.2022.,07.02.2022.,1,80.7630
08.02.2022.,08.02.2022.,1,81.1515
09.02.2022.,09.02.2022.,1,81.0699
10.02.2022.,10.02.2022.,1,81.1684
11.02.2022.,11.02.2022.,1,81.0250
11.02.2022.,12.02.2022.,1,81.0250
11.02.2022.,13.02.2022.,1,81.0250
14.02.2022.,14.02.2022.,1,81.3538
14.02.2022.,15.02.2022.,1,81.3538
14.02.2022.,16.02.2022.,1,81.3538
17.02.2022.,17.02.2022.,1,81.4388
18.02.2022.,18.02.2022.,1,81.4525
18.02.2022.,19.02.2022.,1,81.4525
18.02.2022.,20.02.2022.,1,81.4525
21.02.2022.,21.02.2022.,1,81.2942
22.02.2022.,22.02.2022.,1,81.5783
23.02.2022.,23.02.2022.,1,81.3878
24.02.2022.,24.02.2022.,1,81.7894
25.02.2022.,25.02.2022.,1,81.9921
25.02.2022.,26.02.2022.,1,81.9921
25.02.2022.,27.02.2022.,1,81.9921
28.02.2022.,28.02.2022.,1,82.4407
01.03.2022.,01.03.2022.,1,82.8355
02.03.2022.,02.03.2022.,1,83.1860
03.03.2022.,03.03.2022.,1,83.9779
04.03.2022.,04.03.2022.,1,83.9768
04.03.2022.,05.03.2022.,1,83.9768
04.03.2022.,06.03.2022.,1,83.9768
07.03.2022.,07.03.2022.,1,84.9879
08.03.2022.,08.03.2022.,1,84.4734
09.03.2022.,09.03.2022.,1,83.6001
10.03.2022.,10.03.2022.,1,82.9912
11.03.2022.,11.03.2022.,1,83.6809
11.03.2022.,12.03.2022.,1,83.6809
11.03.2022.,13.03.2022.,1,83.6809
14.03.2022.,14.03.2022.,1,84.3007
15.03.2022.,15.03.2022.,1,83.4982
16.03.2022.,16.03.2022.,1,84.1326
17.03.2022.,17.03.2022.,1,84.1354
18.03.2022.,18.03.2022.,1,84.2209
18.03.2022.,19.03.2022.,1,84.2209
18.03.2022.,20.03.2022.,1,84.2209
21.03.2022.,21.03.2022.,1,84.5384
22.03.2022.,22.03.2022.,1,85.0268
23.03.2022.,23.03.2022.,1,84.7851
24.03.2022.,24.03.2022.,1,85.2495
25.03.2022.,25.03.2022.,1,85.2343
25.03.2022.,26.03.2022.,1,85.2343
25.03.2022.,27.03.2022.,1,85.2343
28.03.2022.,28.03.2022.,1,86.0476
29.03.2022.,29.03.2022.,1,85.6096
30.03.2022.,30.03.2022.,1,84.8275
31.03.2022.,31.03.2022.,1,84.2642
01.04.2022.,01.04.2022.,1,85.0923
01.04.2022.,02.04.2022.,1,85.0923
01.04.2022.,03.04.2022.,1,85.0923
04.04.2022.,04.04.2022.,1,85.1603
05.04.2022.,05.04.2022.,1,86.0041
06.04.2022.,06.04.2022.,1,86.4412
07.04.2022.,07.04.2022.,1,85.8861
08.04.2022.,08.04.2022.,1,86.1703
08.04.2022.,09.04.2022.,1,86.1703
08.04.2022.,10.04.2022.,1,86.1703
11.04.2022.,11.04.2022.,1,85.8541
12.04.2022.,12.04.2022.,1,85.6157
13.04.2022.,13.04.2022.,1,86.0650
14.04.2022.,14.04.2022.,1,85.9706
15.04.2022.,15.04.2022.,1,86.4185
15.04.2022.,16.04.2022.,1,86.4185
15.04.2022.,17.04.2022.,1,86.4185
18.04.2022.,18.04.2022.,1,86.3139
19.04.2022.,19.04.2022.,1,86.8802
20.04.2022.,20.04.2022.,1,86.4384
21.04.2022.,21.04.2022.,1,86.9049
21.04.2022.,22.04.2022.,1,86.9049
21.04.2022.,23.04.2022.,1,86.9049
21.04.2022.,24.04.2022.,1,86.9049
21.04.2022.,25.04.2022.,1,86.9049
26.04.2022.,26.04.2022.,1,86.3880
27.04.2022.,27.04.2022.,1,86.4060
28.04.2022.,28.04.2022.,1,87.2214
29.04.2022.,29.04.2022.,1,87.6746
29.04.2022.,30.04.2022.,1,87.6746
29.04.2022.,01.05.2022.,1,87.6746
29.04.2022.,02.05.2022.,1,87.6746
29.04.2022.,03.05.2022.,1,87.6746
04.05.2022.,04.05.2022.,1,87.1575
05.05.2022.,05.05.2022.,1,87.0862
06.05.2022.,06.05.2022.,1,86.9675
06.05.2022.,07.05.2022.,1,86.9675
06.05.2022.,08.05.2022.,1,86.9675
09.05.2022.,09.05.2022.,1,86.4099
10.05.2022.,10.05.2022.,1,85.5516
11.05.2022.,11.05.2022.,1,85.7490
12.05.2022.,12.05.2022.,1,85.8587
13.05.2022.,13.05.2022.,1,86.9904
13.05.2022.,14.05.2022.,1,86.9904
13.05.2022.,15.05.2022.,1,86.9904
16.05.2022.,16.05.2022.,1,87.1530
17.05.2022.,17.05.2022.,1,87.6878
18.05.2022.,18.05.2022.,1,86.9164
19.05.2022.,19.05.2022.,1,87.2074
20.05.2022.,20.05.2022.,1,86.6822
20.05.2022.,21.05.2022.,1,86.6822
20.05.2022.,22.05.2022.,1,86.6822
23.05.2022.,23.05.2022.,1,86.6358
24.05.2022.,24.05.2022.,1,86.0096
25.05.2022.,25.05.2022.,1,85.5908
26.05.2022.,26.05.2022.,1,85.6878
27.05.2022.,27.05.2022.,1,85.7052
27.05.2022.,28.05.2022.,1,85.7052
27.05.2022.,29.05.2022.,1,85.7052
30.05.2022.,30.05.2022.,1,86.0020
31.05.2022.,31.05.2022.,1,86.2693
01.06.2022.,01.06.2022.,1,86.5550
02.06.2022.,02.06.2022.,1,86.8768
03.06.2022.,03.06.2022.,1,86.8763
03.06.2022.,04.06.2022.,1,86.8763
03.06.2022.,05.06.2022.,1,86.8763
06.06.2022.,06.06.2022.,1,86.9844
07.06.2022.,07.06.2022.,1,87.2012
08.06.2022.,08.06.2022.,1,87.6001
09.06.2022.,09.06.2022.,1,87.1455
10.06.2022.,10.06.2022.,1,86.9360
10.06.2022.,11.06.2022.,1,86.9360
10.06.2022.,12.06.2022.,1,86.9360
13.06.2022.,13.06.2022.,1,87.3207
14.06.2022.,14.06.2022.,1,87.4384
15.06.2022.,15.06.2022.,1,86.8216
16.06.2022.,16.06.2022.,1,87.1878
17.06.2022.,17.06.2022.,1,86.1561
17.06.2022.,18.06.2022.,1,86.1561
17.06.2022.,19.06.2022.,1,86.1561
20.06.2022.,20.06.2022.,1,85.7595
21.06.2022.,21.06.2022.,1,86.1779
22.06.2022.,22.06.2022.,1,86.2496
23.06.2022.,23.06.2022.,1,85.6826
24.06.2022.,24.06.2022.,1,85.7879
24.06.2022.,25.06.2022.,1,85.7879
24.06.2022.,26.06.2022.,1,85.7879
27.06.2022.,27.06.2022.,1,86.3040
28.06.2022.,28.06.2022.,1,86.3563
29.06.2022.,29.06.2022.,1,86.7911
30.06.2022.,30.06.2022.,1,87.0315
01.07.2022.,01.07.2022.,1,86.8212
01.07.2022.,02.07.2022.,1,86.8212
01.07.2022.,03.07.2022.,1,86.8212
04.07.2022.,04.07.2022.,1,87.2850
05.07.2022.,05.07.2022.,1,87.4593
06.07.2022.,06.07.2022.,1,87.7965
07.07.2022.,07.07.2022.,1,88.3692
08.07.2022.,08.07.2022.,1,88.9031
08.07.2022.,09.07.2022.,1,88.9031
08.07.2022.,10.07.2022.,1,88.9031
11.07.2022.,11.07.2022.,1,89.1036
12.07.2022.,12.07.2022.,1,89.9969
13.07.2022.,13.07.2022.,1,89.8741
14.07.2022.,14.07.2022.,1,90.2076
15.07.2022.,15.07.2022.,1,89.2776
15.07.2022.,16.07.2022.,1,89.2776
15.07.2022.,17.07.2022.,1,89.2776
18.07.2022.,18.07.2022.,1,89.4515
19.07.2022.,19.07.2022.,1,89.2451
20.07.2022.,20.07.2022.,1,89.0583
21.07.2022.,21.07.2022.,1,89.2548
22.07.2022.,22.07.2022.,1,89.4267
22.07.2022.,23.07.2022.,1,89.4267
22.07.2022.,24.07.2022.,1,89.4267
25.07.2022.,25.07.2022.,1,88.9532
26.07.2022.,26.07.2022.,1,89.4346
27.07.2022.,27.07.2022.,1,89.9214
28.07.2022.,28.07.2022.,1,89.6299
29.07.2022.,29.07.2022.,1,89.7011
29.07.2022.,30.07.2022.,1,89.7011
29.07.2022.,31.07.2022.,1,89.7011
01.08.2022.,01.08.2022.,1,89.6041
02.08.2022.,02.08.2022.,1,88.8298
03.08.2022.,03.08.2022.,1,89.6526
04.08.2022.,04.08.2022.,1,89.8540
05.08.2022.,05.08.2022.,1,89.0691
05.08.2022.,06.08.2022.,1,89.0691
05.08.2022.,07.08.2022.,1,89.0691
08.08.2022.,08.08.2022.,1,89.0839
09.08.2022.,09.08.2022.,1,89.4833
10.08.2022.,10.08.2022.,1,89.1148
11.08.2022.,11.08.2022.,1,89.2303
12.08.2022.,12.08.2022.,1,89.1712
12.08.2022.,13.08.2022.,1,89.1712
12.08.2022.,14.08.2022.,1,89.1712
15.08.2022.,15.08.2022.,1,89.4395
16.08.2022.,16.08.2022.,1,89.5530
17.08.2022.,17.08.2022.,1,89.7621
18.08.2022.,18.08.2022.,1,89.3311
19.08.2022.,19.08.2022.,1,89.8375
19.08.2022.,20.08.2022.,1,89.8375
19.08.2022.,21.08.2022.,1,89.8375
22.08.2022.,22.08.2022.,1,89.9788
23.08.2022.,23.08.2022.,1,90.6134
24.08.2022.,24.08.2022.,1,90.8333
25.08.2022.,25.08.2022.,1,90.6667
26.08.2022.,26.08.2022.,1,90.9036
26.08.2022.,27.08.2022.,1,90.9036
26.08.2022.,28.08.2022.,1,90.9036
29.08.2022.,29.08.2022.,1,90.4654
30.08.2022.,30.08.2022.,1,90.1884
31.08.2022.,31.08.2022.,1,89.3896
01.09.2022.,01.09.2022.,1,89.0068
02.09.2022.,02.09.2022.,1,89.4523
02.09.2022.,03.09.2022.,1,89.4523
02.09.2022.,04.09.2022.,1,89.4523
05.09.2022.,05.09.2022.,1,90.2028
06.09.2022.,06.09.2022.,1,89.8542
07.09.2022.,07.09.2022.,1,89.9088
08.09.2022.,08.09.2022.,1,89.4483
09.09.2022.,09.09.2022.,1,89.4325
09.09.2022.,10.09.2022.,1,89.4325
09.09.2022.,11.09.2022.,1,89.4325
12.09.2022.,12.09.2022.,1,89.2644
13.09.2022.,13.09.2022.,1,89.1262
14.09.2022.,14.09.2022.,1,89.1404
15.09.2022.,15.09.2022.,1,89.3405
16.09.2022.,16.09.2022.,1,88.6692
16.09.2022.,17.09.2022.,1,88.6692
16.09.2022.,18.09.2022.,1,88.6692
19.09.2022.,19.09.2022.,1,88.3518
20.09.2022.,20.09.2022.,1,88.2565
21.09.2022.,21.09.2022.,1,88.0153
22.09.2022.,22.09.2022.,1,88.3545
23.09.2022.,23.09.2022.,1,88.5081
23.09.2022.,24.09.2022.,1,88.5081
23.09.2022.,25.09.2022.,1,88.5081
26.09.2022.,26.09.2022.,1,89.3502
27.09.2022.,27.09.2022.,1,88.8526
28.09.2022.,28.09.2022.,1,89.0855
29.09.2022.,29.09.2022.,1,88.6502
30.09.2022.,30.09.2022.,1,87.1928
30.09.2022.,01.10.2022.,1,87.1928
30.09.2022.,02.10.2022.,1,87.1928
03.10.2022.,03.10.2022.,1,86.9689
04.10.2022.,04.10.2022.,1,87.6224
05.10.2022.,05.10.2022.,1,86.9324
06.10.2022.,06.10.2022.,1,87.1281
07.10.2022.,07.10.2022.,1,87.0999
07.10.2022.,08.10.2022.,1,87.0999
07.10.2022.,09.10.2022.,1,87.0999
10.10.2022.,10.10.2022.,1,87.6828
11.10.2022.,11.10.2022.,1,87.4949
12.10.2022.,12.10.2022.,1,87.4480
13.10.2022.,13.10.2022.,1,87.4433
14.10.2022.,14.10.2022.,1,87.3305
14.10.2022.,15.10.2022.,1,87.3305
14.10.2022.,16.10.2022.,1,87.3305
17.10.2022.,17.10.2022.,1,87.0718
18.10.2022.,18.10.2022.,1,87.0265
19.10.2022.,19.10.2022.,1,86.6775
20.10.2022.,20.10.2022.,1,87.1049
21.10.2022.,21.10.2022.,1,87.0636
21.10.2022.,22.10.2022.,1,87.0636
21.10.2022.,23.10.2022.,1,87.0636
24.10.2022.,24.10.2022.,1,87.0302
25.10.2022.,25.10.2022.,1,86.6050
26.10.2022.,26.10.2022.,1,86.5737
27.10.2022.,27.10.2022.,1,85.9451
28.10.2022.,28.10.2022.,1,86.7768
28.10.2022.,29.10.2022.,1,86.7768
28.10.2022.,30.10.2022.,1,86.7768
31.10.2022.,31.10.2022.,1,86.5364
01.11.2022.,01.11.2022.,1,87.0667
02.11.2022.,02.11.2022.,1,87.2245
03.11.2022.,03.11.2022.,1,87.1735
04.11.2022.,04.11.2022.,1,87.7290
04.11.2022.,05.11.2022.,1,87.7290
04.11.2022.,06.11.2022.,1,87.7290
07.11.2022.,07.11.2022.,1,87.1753
08.11.2022.,08.11.2022.,1,86.7495
09.11.2022.,09.11.2022.,1,86.6654
10.11.2022.,10.11.2022.,1,86.3696
10.11.2022.,11.11.2022.,1,86.3696
10.11.2022.,12.11.2022.,1,86.3696
10.11.2022.,13.11.2022.,1,86.3696
14.11.2022.,14.11.2022.,1,85.7184
15.11.2022.,15.11.2022.,1,85.3935
16.11.2022.,16.11.2022.,1,85.1333
17.11.2022.,17.11.2022.,1,84.6397
18.11.2022.,18.11.2022.,1,84.9129
18.11.2022.,19.11.2022.,1,84.9129
18.11.2022.,20.11.2022.,1,84.9129
21.11.2022.,21.11.2022.,1,85.0335
22.11.2022.,22.11.2022.,1,85.1386
23.11.2022.,23.11.2022.,1,84.7933
24.11.2022.,24.11.2022.,1,84.2019
25.11.2022.,25.11.2022.,1,84.4916
25.11.2022.,26.11.2022.,1,84.4916
25.11.2022.,27.11.2022.,1,84.4916
28.11.2022.,28.11.2022.,1,84.1720
29.11.2022.,29.11.2022.,1,84.0974
30.11.2022.,30.11.2022.,1,83.5187
01.12.2022.,01.12.2022.,1,83.7707
02.12.2022.,02.12.2022.,1,82.9100
02.12.2022.,03.12.2022.,1,82.9100
02.12.2022.,04.12.2022.,1,82.9100
05.12.2022.,05.12.2022.,1,82.7020
06.12.2022.,06.12.2022.,1,82.2862
07.12.2022.,07.12.2022.,1,82.1305
08.12.2022.,08.12.2022.,1,81.6003
09.12.2022.,09.12.2022.,1,81.5676
09.12.2022.,10.12.2022.,1,81.5676
09.12.2022.,11.12.2022.,1,81.5676
12.12.2022.,12.12.2022.,1,81.6395
13.12.2022.,13.12.2022.,1,81.5945
14.12.2022.,14.12.2022.,1,81.2896
15.12.2022.,15.12.2022.,1,81.2071
16.12.2022.,16.12.2022.,1,80.8477
16.12.2022.,17.12.2022.,1,80.8477
16.12.2022.,18.12.2022.,1,80.8477
19.12.2022.,19.12.2022.,1,80.8560
20.12.2022.,20.12.2022.,1,80.9491
21.12.2022.,21.12.2022.,1,81.2437
22.12.2022.,22.12.2022.,1,81.1034
23.12.2022.,23.12.2022.,1,81.1231
23.12.2022.,24.12.2022.,1,81.1231
23.12.2022.,25.12.2022.,1,81.1231
26.12.2022.,26.12.2022.,1,81.1185
27.12.2022.,27.12.2022.,1,81.2120
28.12.2022.,28.12.2022.,1,81.4097
29.12.2022.,29.12.2022.,1,81.2634
30.12.2022.,30.12.2022.,1,81.3045
30.12.2022.,31.12.2022.,1,81.3045
30.12.2022.,01.01.2023.,1,81.3045
30.12.2022.,02.01.2023.,1,81.3045
30.12.2022.,03.01.2023.,1,81.3045
04.01.2023.,04.01.2023.,1,81.2919
05.01.2023.,05.01.2023.,1,81.8778
06.01.2023.,06.01.2023.,1,82.1750
06.01.2023.,07.01.2023.,1,82.1750
06.01.2023.,08.01.2023.,1,82.1750
09.01.2023.,09.01.2023.,1,81.9502
10.01.2023.,10.01.2023.,1,81.6431
11.01.2023.,11.01.2023.,1,81.3100
12.01.2023.,12.01.2023.,1,81.1859
13.01.2023.,13.01.2023.,1,80.8844
13.01.2023.,14.01.2023.,1,80.8844
13.01.2023.,15.01.2023.,1,80.8844
16.01.2023.,16.01.2023.,1,80.8720
17.01.2023.,17.01.2023.,1,80.7962
18.01.2023.,18.01.2023.,1,81.3301
19.01.2023.,19.01.2023.,1,80.5199
20.01.2023.,20.01.2023.,1,80.4638
20.01.2023.,21.01.2023.,1,80.4638
20.01.2023.,22.01.2023.,1,80.4638
23.01.2023.,23.01.2023.,1,80.5025
24.01.2023.,24.01.2023.,1,80.7455
25.01.2023.,25.01.2023.,1,80.6230
26.01.2023.,26.01.2023.,1,80.2571
27.01.2023.,27.01.2023.,1,80.9140
27.01.2023.,28.01.2023.,1,80.9140
27.01.2023.,29.01.2023.,1,80.9140
30.01.2023.,30.01.2023.,1,81.0145
31.01.2023.,31.01.2023.,1,80.6806
01.02.2023.,01.02.2023.,1,81.0338
02.02.2023.,02.02.2023.,1,80.1270
03.02.2023.,03.02.2023.,1,80.7925
03.02.2023.,04.02.2023.,1,80.7925
03.02.2023.,05.02.2023.,1,80.7925
06.02.2023.,06.02.2023.,1,81.0911
07.02.2023.,07.02.2023.,1,81.3968
08.02.2023.,08.02.2023.,1,81.6267
09.02.2023.,09.02.2023.,1,81.3145
10.02.2023.,10.02.2023.,1,81.2729
10.02.2023.,11.02.2023.,1,81.2729
10.02.2023.,12.02.2023.,1,81.2729
13.02.2023.,13.02.2023.,1,82.2057
14.02.2023.,14.02.2023.,1,81.8903
14.02.2023.,15.02.2023.,1,81.8903
14.02.2023.,16.02.2023.,1,81.8903
17.02.2023.,17.02.2023.,1,81.7559
17.02.2023.,18.02.2023.,1,81.7559
17.02.2023.,19.02.2023.,1,81.7559
20.02.2023.,20.02.2023.,1,81.4381
21.02.2023.,21.02.2023.,1,81.5921
22.02.2023.,22.02.2023.,1,81.2589
23.02.2023.,23.02.2023.,1,81.6538
24.02.2023.,24.02.2023.,1,81.7123
24.02.2023.,25.02.2023.,1,81.7123
24.02.2023.,26.02.2023.,1,81.7123
27.02.2023.,27.02.2023.,1,81.7181
28.02.2023.,28.02.2023.,1,81.5493
01.03.2023.,01.03.2023.,1,81.2937
02.03.2023.,02.03.2023.,1,80.9651
03.03.2023.,03.03.2023.,1,81.3435
03.03.2023.,04.03.2023.,1,81.3435
03.03.2023.,05.03.2023.,1,81.3435
06.03.2023.,06.03.2023.,1,81.0276
07.03.2023.,07.03.2023.,1,80.6483
08.03.2023.,08.03.2023.,1,80.9011
09.03.2023.,09.03.2023.,1,80.5327
10.03.2023.,10.03.2023.,1,80.0239
10.03.2023.,11.03.2023.,1,80.0239
10.03.2023.,12.03.2023.,1,80.0239
13.03.2023.,13.03.2023.,1,79.6181
14.03.2023.,14.03.2023.,1,79.8312
15.03.2023.,15.03.2023.,1,79.7805
16.03.2023.,16.03.2023.,1,80.4086
17.03.2023.,17.03.2023.,1,80.3943
17.03.2023.,18.03.2023.,1,80.3943
17.03.2023.,19.03.2023.,1,80.3943
20.03.2023.,20.03.2023.,1,80.0732
21.03.2023.,21.03.2023.,1,79.9701
22.03.2023.,22.03.2023.,1,79.4444
23.03.2023.,23.03.2023.,1,78.6212
24.03.2023.,24.03.2023.,1,78.9407
24.03.2023.,25.03.2023.,1,78.9407
24.03.2023.,26.03.2023.,1,78.9407
27.03.2023.,27.03.2023.,1,79.3473
28.03.2023.,28.03.2023.,1,79.5618
29.03.2023.,29.03.2023.,1,79.5507
30.03.2023.,30.03.2023.,1,79.7524
31.03.2023.,31.03.2023.,1,79.5101
31.03.2023.,01.04.2023.,1,79.5101
31.03.2023.,02.04.2023.,1,79.5101
03.04.2023.,03.04.2023.,1,80.3374
04.04.2023.,04.04.2023.,1,80.1213
05.04.2023.,05.04.2023.,1,79.6207
06.04.2023.,06.04.2023.,1,79.8272
07.04.2023.,07.04.2023.,1,79.6310
07.04.2023.,08.04.2023.,1,79.6310
07.04.2023.,09.04.2023.,1,79.6310
10.04.2023.,10.04.2023.,1,79.6363
11.04.2023.,11.04.2023.,1,79.8258
12.04.2023.,12.04.2023.,1,79.7713
13.04.2023.,13.04.2023.,1,79.4535
13.04.2023.,14.04.2023.,1,79.4535
13.04.2023.,15.04.2023.,1,79.4535
13.04.2023.,16.04.2023.,1,79.4535
13.04.2023.,17.04.2023.,1,79.4535
18.04.2023.,18.04.2023.,1,80.0808
19.04.2023.,19.04.2023.,1,79.7817
20.04.2023.,20.04.2023.,1,79.4181
21.04.2023.,21.04.2023.,1,79.2384
21.04.2023.,22.04.2023.,1,79.2384
21.04.2023.,23.04.2023.,1,79.2384
24.04.2023.,24.04.2023.,1,78.7879
25.04.2023.,25.04.2023.,1,78.3043
26.04.2023.,26.04.2023.,1,78.3198
27.04.2023.,27.04.2023.,1,77.7822
28.04.2023.,28.04.2023.,1,78.2282
28.04.2023.,29.04.2023.,1,78.2282
28.04.2023.,30.04.2023.,1,78.2282
28.04.2023.,01.05.2023.,1,78.2282
28.04.2023.,02.05.2023.,1,78.2282
03.05.2023.,03.05.2023.,1,78.1270
04.05.2023.,04.05.2023.,1,77.8730
05.05.2023.,05.05.2023.,1,78.5899
05.05.2023.,06.05.2023.,1,78.5899
05.05.2023.,07.05.2023.,1,78.5899
08.05.2023.,08.05.2023.,1,79.4317
09.05.2023.,09.05.2023.,1,79.8379
10.05.2023.,10.05.2023.,1,79.8593
11.05.2023.,11.05.2023.,1,79.8434
12.05.2023.,12.05.2023.,1,79.6083
12.05.2023.,13.05.2023.,1,79.6083
12.05.2023.,14.05.2023.,1,79.6083
15.05.2023.,15.05.2023.,1,79.6964
16.05.2023.,16.05.2023.,1,79.9836
17.05.2023.,17.05.2023.,1,80.0420
18.05.2023.,18.05.2023.,1,80.3150
19.05.2023.,19.05.2023.,1,80.7219
19.05.2023.,20.05.2023.,1,80.7219
19.05.2023.,21.05.2023.,1,80.7219
22.05.2023.,22.05.2023.,1,80.3015
23.05.2023.,23.05.2023.,1,80.3718
24.05.2023.,24.05.2023.,1,80.5662
25.05.2023.,25.05.2023.,1,80.2351
26.05.2023.,26.05.2023.,1,80.0688
26.05.2023.,27.05.2023.,1,80.0688
26.05.2023.,28.05.2023.,1,80.0688
29.05.2023.,29.05.2023.,1,80.3213
30.05.2023.,30.05.2023.,1,80.5703
31.05.2023.,31.05.2023.,1,80.3525
01.06.2023.,01.06.2023.,1,80.8980
02.06.2023.,02.06.2023.,1,81.0623
02.06.2023.,03.06.2023.,1,81.0623
02.06.2023.,04.06.2023.,1,81.0623
05.06.2023.,05.06.2023.,1,81.5451
06.06.2023.,06.06.2023.,1,81.5061
07.06.2023.,07.06.2023.,1,81.8238
08.06.2023.,08.06.2023.,1,81.9009
09.06.2023.,09.06.2023.,1,81.3610
09.06.2023.,10.06.2023.,1,81.3610
09.06.2023.,11.06.2023.,1,81.3610
12.06.2023.,12.06.2023.,1,81.7648
13.06.2023.,13.06.2023.,1,81.3124
14.06.2023.,14.06.2023.,1,81.6677
15.06.2023.,15.06.2023.,1,81.3100
16.06.2023.,16.06.2023.,1,80.9777
16.06.2023.,17.06.2023.,1,80.9777
16.06.2023.,18.06.2023.,1,80.9777
19.06.2023.,19.06.2023.,1,81.1470
20.06.2023.,20.06.2023.,1,81.1942
21.06.2023.,21.06.2023.,1,81.2758
22.06.2023.,22.06.2023.,1,81.0881
23.06.2023.,23.06.2023.,1,81.3503
23.06.2023.,24.06.2023.,1,81.3503
23.06.2023.,25.06.2023.,1,81.3503
26.06.2023.,26.06.2023.,1,81.6865
27.06.2023.,27.06.2023.,1,81.7714
28.06.2023.,28.06.2023.,1,81.0155
29.06.2023.,29.06.2023.,1,81.1182
30.06.2023.,30.06.2023.,1,81.3872
30.06.2023.,01.07.2023.,1,81.3872
30.06.2023.,02.07.2023.,1,81.3872
03.07.2023.,03.07.2023.,1,81.0584
04.07.2023.,04.07.2023.,1,81.2163
05.07.2023.,05.07.2023.,1,81.4533
06.07.2023.,06.07.2023.,1,81.2968
07.07.2023.,07.07.2023.,1,80.5326
07.07.2023.,08.07.2023.,1,80.5326
07.07.2023.,09.07.2023.,1,80.5326
10.07.2023.,10.07.2023.,1,80.5184
11.07.2023.,11.07.2023.,1,80.1900
12.07.2023.,12.07.2023.,1,80.4399
13.07.2023.,13.07.2023.,1,79.8544
14.07.2023.,14.07.2023.,1,79.6398
14.07.2023.,15.07.2023.,1,79.6398
14.07.2023.,16.07.2023.,1,79.6398
17.07.2023.,17.07.2023.,1,78.9448
18.07.2023.,18.07.2023.,1,78.9286
19.07.2023.,19.07.2023.,1,79.2456
20.07.2023.,20.07.2023.,1,79.4292
21.07.2023.,21.07.2023.,1,79.9036
21.07.2023.,22.07.2023.,1,79.9036
21.07.2023.,23.07.2023.,1,79.9036
24.07.2023.,24.07.2023.,1,79.7142
25.07.2023.,25.07.2023.,1,80.4177
26.07.2023.,26.07.2023.,1,80.4239
27.07.2023.,27.07.2023.,1,80.1563
28.07.2023.,28.07.2023.,1,80.6907
28.07.2023.,29.07.2023.,1,80.6907
28.07.2023.,30.07.2023.,1,80.6907
31.07.2023.,31.07.2023.,1,80.3018
01.08.2023.,01.08.2023.,1,80.6431
02.08.2023.,02.08.2023.,1,80.1689
03.08.2023.,03.08.2023.,1,80.3472
04.08.2023.,04.08.2023.,1,80.1133
04.08.2023.,05.08.2023.,1,80.1133
04.08.2023.,06.08.2023.,1,80.1133
07.08.2023.,07.08.2023.,1,79.6523
08.08.2023.,08.08.2023.,1,79.5917
09.08.2023.,09.08.2023.,1,79.5779
10.08.2023.,10.08.2023.,1,79.5541
11.08.2023.,11.08.2023.,1,79.3179
11.08.2023.,12.08.2023.,1,79.3179
11.08.2023.,13.08.2023.,1,79.3179
14.08.2023.,14.08.2023.,1,79.5825
15.08.2023.,15.08.2023.,1,79.8593
16.08.2023.,16.08.2023.,1,79.5198
17.08.2023.,17.08.2023.,1,79.6648
18.08.2023.,18.08.2023.,1,79.4554
18.08.2023.,19.08.2023.,1,79.4554
18.08.2023.,20.08.2023.,1,79.4554
21.08.2023.,21.08.2023.,1,79.5133
22.08.2023.,22.08.2023.,1,79.2913
23.08.2023.,23.08.2023.,1,79.6880
24.08.2023.,24.08.2023.,1,79.7362
25.08.2023.,25.08.2023.,1,79.9332
25.08.2023.,26.08.2023.,1,79.9332
25.08.2023.,27.08.2023.,1,79.9332
28.08.2023.,28.08.2023.,1,79.7837
29.08.2023.,29.08.2023.,1,79.6493
30.08.2023.,30.08.2023.,1,79.4956
31.08.2023.,31.08.2023.,1,79.2874
01.09.2023.,01.09.2023.,1,79.9714
01.09.2023.,02.09.2023.,1,79.9714
01.09.2023.,03.09.2023.,1,79.9714
04.09.2023.,04.09.2023.,1,79.9707
05.09.2023.,05.09.2023.,1,79.7567
06.09.2023.,06.09.2023.,1,80.0450
07.09.2023.,07.09.2023.,1,80.0915
08.09.2023.,08.09.2023.,1,80.0135
08.09.2023.,09.09.2023.,1,80.0135
08.09.2023.,10.09.2023.,1,80.0135
11.09.2023.,11.09.2023.,1,80.2249
12.09.2023.,12.09.2023.,1,80.3218
13.09.2023.,13.09.2023.,1,80.4157
14.09.2023.,14.09.2023.,1,80.5593
15.09.2023.,15.09.2023.,1,81.4875
15.09.2023.,16.09.2023.,1,81.4875
15.09.2023.,17.09.2023.,1,81.4875
18.09.2023.,18.09.2023.,1,81.2789
19.09.2023.,19.09.2023.,1,81.3826
20.09.2023.,20.09.2023.,1,81.5132
21.09.2023.,21.09.2023.,1,81.6775
22.09.2023.,22.09.2023.,1,81.6832
22.09.2023.,23.09.2023.,1,81.6832
22.09.2023.,24.09.2023.,1,81.6832
25.09.2023.,25.09.2023.,1,81.6149
26.09.2023.,26.09.2023.,1,82.1014
27.09.2023.,27.09.2023.,1,82.0696
28.09.2023.,28.09.2023.,1,82.6964
29.09.2023.,29.09.2023.,1,82.1416
29.09.2023.,30.09.2023.,1,82.1416
29.09.2023.,01.10.2023.,1,82.1416
02.10.2023.,02.10.2023.,1,81.5630
03.10.2023.,03.10.2023.,1,81.6295
04.10.2023.,04.10.2023.,1,81.7222
05.10.2023.,05.10.2023.,1,81.1870
06.10.2023.,06.10.2023.,1,81.0578
06.10.2023.,07.10.2023.,1,81.0578
06.10.2023.,08.10.2023.,1,81.0578
09.10.2023.,09.10.2023.,1,81.2743
10.10.2023.,10.10.2023.,1,81.6496
11.10.2023.,11.10.2023.,1,81.2670
12.10.2023.,12.10.2023.,1,81.0848
13.10.2023.,13.10.2023.,1,81.1171
13.10.2023.,14.10.2023.,1,81.1171
13.10.2023.,15.10.2023.,1,81.1171
16.10.2023.,16.10.2023.,1,81.5825
